 Objeto,Area, Objeto,Area,Objeto,Area, Objeto,Area, Objeto,Area, Objeto,Area, Objeto,Area, Objeto,Area, Objeto,Area, Objeto,Area
1,43261,1,19453,1,2036,1,7048,1,14880,1,125679,1,25217,1,1232830,1,3101,1,157
2,16415,2,4949,2,783,2,118819,2,2600,2,121106,2,19767,2,296656,2,10369,2,8019
3,25092,3,9554,3,31545,3,908,3,2819,3,44107,3,219,,,3,627,3,1629
4,52408,4,2318,4,20518,4,11747,4,24810,4,439,4,251,,,4,12186,4,12906
5,212640,5,1065,5,6171,5,2663,5,33205,5,125,5,1786,,,5,199389,5,8082
6,126369,6,11183,6,400125,6,1347,6,94,6,74493,6,511113,,,6,425938,6,434552
7,95419,7,130065,7,7988,7,3007,7,22241,7,483202,7,6672,,,7,282,7,118286
8,595,8,10181,8,452533,8,125,8,21176,8,17981,8,72237,,,8,141468,8,39878
9,34302,9,185856,9,74837,9,282,9,61649,9,41162,9,44044,,,9,337098,9,31
10,4730,10,18232,10,1754,10,282,10,4386,10,147827,10,1378,,,10,75965,10,282
11,28914,11,62057,11,117973,11,2068,11,7737,11,689,11,320025,,,11,163364,11,3759
12,188206,12,62840,12,25249,12,783,12,1378,12,582317,12,181377,,,12,313,12,125
13,39283,13,20456,13,12969,13,68854,13,407,13,591808,13,117065,,,13,4636,13,1002
14,18639,14,94792,14,411058,14,171854,,,14,296719,14,251,,,14,51312,14,376
15,220753,15,30010,15,232219,15,120166,,,15,231216,,,,,15,58016,15,81823
16,3289,16,71799,16,286914,16,219,,,16,132916,,,,,,,16,125
17,79536,17,177618,17,129000,17,219,,,17,720,,,,,,,17,125
18,10901,18,9085,18,31,18,2663,,,18,64845,,,,,,,18,3133
19,5607,19,355517,19,125,19,187235,,,19,367515,,,,,,,19,195348
20,22147,20,1535,20,6140,20,204464,,,20,19203,,,,,,,20,689
21,67288,21,3007,21,39721,21,251,,,21,51938,,,,,,,21,5607
22,439,22,44232,22,4574,22,313,,,22,420644,,,,,,,22,115906
23,8051,23,66066,23,94,23,164398,,,23,400533,,,,,,,23,49996
24,72269,24,20362,,,24,138178,,,24,91002,,,,,,,24,63
25,27441,25,6704,,,25,251,,,25,178276,,,,,,,25,282
26,268212,26,13188,,,26,28193,,,26,211919,,,,,,,26,752
27,234067,27,6672,,,27,94260,,,27,196946,,,,,,,27,1034
28,73240,28,1347,,,28,12092,,,28,68165,,,,,,,28,157
29,31075,29,10651,,,29,3822,,,29,94,,,,,,,29,42822
30,77907,30,2255,,,30,6140,,,30,188519,,,,,,,30,533
31,55635,31,40003,,,31,125,,,31,139776,,,,,,,,
32,136894,32,2130,,,32,4386,,,32,28131,,,,,,,,
33,8270,33,216211,,,33,3853,,,33,157,,,,,,,,
34,49777,34,313,,,,,,,34,365166,,,,,,,,
35,2569,35,37340,,,,,,,35,178432,,,,,,,,
36,37936,36,8082,,,,,,,36,151241,,,,,,,,
37,6390,37,282,,,,,,,37,88339,,,,,,,,
38,8239,38,23776,,,,,,,38,13595,,,,,,,,
39,14379,39,211450,,,,,,,39,7268,,,,,,,,
40,25092,40,147639,,,,,,,40,684533,,,,,,,,
41,25593,41,72394,,,,,,,41,62370,,,,,,,,
42,24591,42,70295,,,,,,,42,180186,,,,,,,,
43,58611,43,26157,,,,,,,43,989741,,,,,,,,
44,24967,44,8740,,,,,,,44,2694,,,,,,,,
45,13032,45,10933,,,,,,,45,188,,,,,,,,
46,208035,46,25687,,,,,,,46,265518,,,,,,,,
47,81197,47,26376,,,,,,,47,752,,,,,,,,
48,21208,48,25562,,,,,,,48,11027,,,,,,,,
49,19986,49,26251,,,,,,,49,28538,,,,,,,,
50,132790,50,56449,,,,,,,50,264923,,,,,,,,
51,27222,51,313,,,,,,,51,115874,,,,,,,,
52,19265,52,3195,,,,,,,52,210604,,,,,,,,
53,19109,53,52721,,,,,,,53,13282,,,,,,,,
54,50591,54,24215,,,,,,,54,382489,,,,,,,,
55,54914,55,23651,,,,,,,55,30574,,,,,,,,
56,98990,56,68165,,,,,,,56,24152,,,,,,,,
57,134388,57,26972,,,,,,,57,160451,,,,,,,,
58,218936,58,15381,,,,,,,58,255838,,,,,,,,
59,269747,59,110768,,,,,,,59,175769,,,,,,,,
60,150646,60,22241,,,,,,,60,720,,,,,,,,
61,22837,61,21145,,,,,,,61,199013,,,,,,,,
62,20957,62,70796,,,,,,,62,316297,,,,,,,,
63,58642,63,7581,,,,,,,63,114308,,,,,,,,
64,25249,64,15694,,,,,,,64,4981,,,,,,,,
65,54350,65,28945,,,,,,,65,117472,,,,,,,,
66,1974,66,20330,,,,,,,66,860616,,,,,,,,
67,186702,67,18608,,,,,,,67,481103,,,,,,,,
68,83922,68,7080,,,,,,,68,36589,,,,,,,,
69,31670,69,96076,,,,,,,69,234380,,,,,,,,
70,3289,70,8677,,,,,,,70,1222,,,,,,,,
71,2318,71,27473,,,,,,,71,338382,,,,,,,,
72,24497,72,2068,,,,,,,72,255337,,,,,,,,
73,68290,73,253896,,,,,,,73,30480,,,,,,,,
74,258282,74,7205,,,,,,,74,10651,,,,,,,,
75,73553,75,30637,,,,,,,75,470984,,,,,,,,
76,112616,76,81980,,,,,,,76,323722,,,,,,,,
77,87430,77,20017,,,,,,,77,781017,,,,,,,,
78,117253,78,1410,,,,,,,78,814,,,,,,,,
79,908,79,2318,,,,,,,79,29258,,,,,,,,
80,75245,80,75088,,,,,,,80,4292,,,,,,,,
81,73021,81,233127,,,,,,,81,451406,,,,,,,,
82,42415,82,42760,,,,,,,82,56073,,,,,,,,
83,157788,83,14567,,,,,,,83,365040,,,,,,,,
84,88496,84,17699,,,,,,,84,256465,,,,,,,,
85,179215,85,99334,,,,,,,85,62464,,,,,,,,
86,97925,86,4104,,,,,,,86,81197,,,,,,,,
87,143316,87,27849,,,,,,,87,104848,,,,,,,,
88,44451,88,14974,,,,,,,88,72049,,,,,,,,
89,84705,89,6547,,,,,,,89,112053,,,,,,,,
90,470,90,32203,,,,,,,90,470,,,,,,,,
91,61117,91,82011,,,,,,,91,125648,,,,,,,,
92,30229,92,10275,,,,,,,92,157,,,,,,,,
93,210948,93,162519,,,,,,,93,268337,,,,,,,,
94,39847,94,16352,,,,,,,94,12248,,,,,,,,
95,19767,95,233628,,,,,,,95,7706,,,,,,,,
96,11309,96,7205,,,,,,,96,262041,,,,,,,,
97,152181,97,23118,,,,,,,97,247036,,,,,,,,
98,234161,98,26878,,,,,,,98,63811,,,,,,,,
99,32234,99,6328,,,,,,,99,110988,,,,,,,,
100,114465,100,267774,,,,,,,100,136080,,,,,,,,
101,22273,101,269027,,,,,,,101,291456,,,,,,,,
102,8458,102,145791,,,,,,,102,227050,,,,,,,,
103,16634,103,128969,,,,,,,103,77375,,,,,,,,
104,158759,104,15036,,,,,,,104,564,,,,,,,,
105,231717,105,72927,,,,,,,105,18482,,,,,,,,
106,6046,106,12499,,,,,,,106,846,,,,,,,,
107,1566,107,143786,,,,,,,107,117848,,,,,,,,
108,9930,108,32109,,,,,,,108,1848,,,,,,,,
109,63,109,270655,,,,,,,109,125,,,,,,,,
110,91315,110,75088,,,,,,,110,30574,,,,,,,,
111,99272,111,27379,,,,,,,111,82857,,,,,,,,
112,752,112,97173,,,,,,,112,14786,,,,,,,,
113,13220,113,52220,,,,,,,113,54382,,,,,,,,
114,2851,114,22931,,,,,,,114,78847,,,,,,,,
115,83045,115,26658,,,,,,,115,67507,,,,,,,,
116,47114,116,70139,,,,,,,116,34803,,,,,,,,
117,2506,117,1128,,,,,,,117,56105,,,,,,,,
118,27535,118,49526,,,,,,,118,3790,,,,,,,,
119,21020,119,14942,,,,,,,119,533,,,,,,,,
120,63,120,42290,,,,,,,120,313,,,,,,,,
121,1692,121,1629,,,,,,,,,,,,,,,,
122,25468,122,101433,,,,,,,,,,,,,,,,
123,136643,123,1222,,,,,,,,,,,,,,,,
124,1096,124,80382,,,,,,,,,,,,,,,,
125,63,125,3508,,,,,,,,,,,,,,,,
126,2193,126,32485,,,,,,,,,,,,,,,,
127,4542,127,328702,,,,,,,,,,,,,,,,
128,57734,128,72895,,,,,,,,,,,,,,,,
129,47803,129,3227,,,,,,,,,,,,,,,,
130,16540,130,3571,,,,,,,,,,,,,,,,
131,6046,131,49464,,,,,,,,,,,,,,,,
132,1222,132,4135,,,,,,,,,,,,,,,,
133,2976,133,5106,,,,,,,,,,,,,,,,
134,29540,134,51374,,,,,,,,,,,,,,,,
135,12342,135,2130,,,,,,,,,,,,,,,,
136,75934,136,323064,,,,,,,,,,,,,,,,
137,77312,137,12530,,,,,,,,,,,,,,,,
138,4793,138,26909,,,,,,,,,,,,,,,,
139,16603,139,28757,,,,,,,,,,,,,,,,
140,35649,140,470,,,,,,,,,,,,,,,,
141,188,141,22711,,,,,,,,,,,,,,,,
142,25155,142,7456,,,,,,,,,,,,,,,,
143,65283,143,2882,,,,,,,,,,,,,,,,
144,7424,144,28256,,,,,,,,,,,,,,,,
145,249417,145,65941,,,,,,,,,,,,,,,,
146,202114,146,54789,,,,,,,,,,,,,,,,
147,3446,147,25280,,,,,,,,,,,,,,,,
148,3070,148,37027,,,,,,,,,,,,,,,,
149,96014,149,142533,,,,,,,,,,,,,,,,
150,24935,150,24278,,,,,,,,,,,,,,,,
151,83765,151,52471,,,,,,,,,,,,,,,,
152,2851,152,58235,,,,,,,,,,,,,,,,
153,121638,153,45704,,,,,,,,,,,,,,,,
154,82450,154,21145,,,,,,,,,,,,,,,,
155,38625,155,28037,,,,,,,,,,,,,,,,
156,18012,156,310157,,,,,,,,,,,,,,,,
157,108763,157,56825,,,,,,,,,,,,,,,,
158,82575,158,39126,,,,,,,,,,,,,,,,
159,44107,159,164837,,,,,,,,,,,,,,,,
160,7111,160,23025,,,,,,,,,,,,,,,,
161,5889,161,76560,,,,,,,,,,,,,,,,
162,5325,162,310408,,,,,,,,,,,,,,,,
163,407,163,44765,,,,,,,,,,,,,,,,
164,1692,164,1096,,,,,,,,,,,,,,,,
165,1065,165,242775,,,,,,,,,,,,,,,,
166,32986,166,3007,,,,,,,,,,,,,,,,
167,22147,167,61461,,,,,,,,,,,,,,,,
168,54507,168,97831,,,,,,,,,,,,,,,,
169,6015,169,72363,,,,,,,,,,,,,,,,
170,40034,170,40066,,,,,,,,,,,,,,,,
171,3195,171,9085,,,,,,,,,,,,,,,,
172,2506,172,24935,,,,,,,,,,,,,,,,
173,846,173,274603,,,,,,,,,,,,,,,,
174,40598,174,35524,,,,,,,,,,,,,,,,
175,68572,175,208035,,,,,,,,,,,,,,,,
176,54037,176,6547,,,,,,,,,,,,,,,,
177,23745,177,2663,,,,,,,,,,,,,,,,
178,55478,178,24090,,,,,,,,,,,,,,,,
179,19328,179,36620,,,,,,,,,,,,,,,,
180,1128,180,11653,,,,,,,,,,,,,,,,
181,131443,181,39502,,,,,,,,,,,,,,,,
182,13658,182,46049,,,,,,,,,,,,,,,,
183,74274,183,55885,,,,,,,,,,,,,,,,
184,101903,184,33487,,,,,,,,,,,,,,,,
185,54946,185,41601,,,,,,,,,,,,,,,,
186,3383,186,36839,,,,,,,,,,,,,,,,
187,110988,187,11653,,,,,,,,,,,,,,,,
188,27755,188,24372,,,,,,,,,,,,,,,,
189,6077,189,144538,,,,,,,,,,,,,,,,
190,21709,190,11841,,,,,,,,,,,,,,,,
191,29164,191,46362,,,,,,,,,,,,,,,,
192,19829,192,16195,,,,,,,,,,,,,,,,
193,26596,193,182974,,,,,,,,,,,,,,,,
194,138993,194,67382,,,,,,,,,,,,,,,,
195,4448,195,67507,,,,,,,,,,,,,,,,
196,30825,196,2600,,,,,,,,,,,,,,,,
197,94792,197,2600,,,,,,,,,,,,,,,,
198,25875,198,18388,,,,,,,,,,,,,,,,
199,6735,199,39659,,,,,,,,,,,,,,,,
200,71016,200,6547,,,,,,,,,,,,,,,,
201,119665,201,94009,,,,,,,,,,,,,,,,
202,88715,202,26846,,,,,,,,,,,,,,,,
203,2788,203,52533,,,,,,,,,,,,,,,,
204,16289,204,14567,,,,,,,,,,,,,,,,
205,13188,205,63936,,,,,,,,,,,,,,,,
206,70076,206,32360,,,,,,,,,,,,,,,,
207,4887,207,168283,,,,,,,,,,,,,,,,
208,42541,208,33299,,,,,,,,,,,,,,,,
209,80570,209,21208,,,,,,,,,,,,,,,,
210,50121,210,14848,,,,,,,,,,,,,,,,
211,256872,211,8145,,,,,,,,,,,,,,,,
212,28601,212,13220,,,,,,,,,,,,,,,,
213,8364,213,239486,,,,,,,,,,,,,,,,
214,216775,214,42822,,,,,,,,,,,,,,,,
215,162707,215,9962,,,,,,,,,,,,,,,,
216,69199,216,1222,,,,,,,,,,,,,,,,
217,15130,217,814,,,,,,,,,,,,,,,,
218,18138,218,4323,,,,,,,,,,,,,,,,
219,62808,219,24403,,,,,,,,,,,,,,,,
220,3728,220,181502,,,,,,,,,,,,,,,,
221,37027,221,21928,,,,,,,,,,,,,,,,
222,5921,222,28131,,,,,,,,,,,,,,,,
223,48586,223,3477,,,,,,,,,,,,,,,,
224,36056,224,3039,,,,,,,,,,,,,,,,
225,15632,225,70640,,,,,,,,,,,,,,,,
226,51155,226,1410,,,,,,,,,,,,,,,,
227,20550,227,439,,,,,,,,,,,,,,,,
228,63,228,71736,,,,,,,,,,,,,,,,
229,7487,229,20581,,,,,,,,,,,,,,,,
230,133981,230,82293,,,,,,,,,,,,,,,,
231,29728,231,57608,,,,,,,,,,,,,,,,
232,20424,232,62119,,,,,,,,,,,,,,,,
233,165181,233,33989,,,,,,,,,,,,,,,,
234,12248,234,155094,,,,,,,,,,,,,,,,
235,4605,235,66818,,,,,,,,,,,,,,,,
236,30793,236,231592,,,,,,,,,,,,,,,,
237,121200,237,50560,,,,,,,,,,,,,,,,
238,58047,238,24841,,,,,,,,,,,,,,,,
239,378792,239,117785,,,,,,,,,,,,,,,,
240,171634,240,58611,,,,,,,,,,,,,,,,
241,34490,241,10964,,,,,,,,,,,,,,,,
242,9742,242,15945,,,,,,,,,,,,,,,,
243,10619,243,10432,,,,,,,,,,,,,,,,
244,35336,244,134137,,,,,,,,,,,,,,,,
245,8677,245,1660,,,,,,,,,,,,,,,,
246,151367,246,109547,,,,,,,,,,,,,,,,
247,24466,247,216430,,,,,,,,,,,,,,,,
248,7706,248,56700,,,,,,,,,,,,,,,,
249,163364,249,7424,,,,,,,,,,,,,,,,
250,17918,250,226737,,,,,,,,,,,,,,,,
251,4887,251,3352,,,,,,,,,,,,,,,,
252,24779,252,110048,,,,,,,,,,,,,,,,
253,44733,253,365322,,,,,,,,,,,,,,,,
254,170632,254,46143,,,,,,,,,,,,,,,,
255,16540,255,4887,,,,,,,,,,,,,,,,
256,40567,256,15851,,,,,,,,,,,,,,,,
257,13032,257,3070,,,,,,,,,,,,,,,,
258,104534,258,44796,,,,,,,,,,,,,,,,
259,16446,259,113932,,,,,,,,,,,,,,,,
260,10557,260,64531,,,,,,,,,,,,,,,,
261,18482,261,14911,,,,,,,,,,,,,,,,
262,5137,262,165150,,,,,,,,,,,,,,,,
263,88120,263,20362,,,,,,,,,,,,,,,,
264,5639,264,50278,,,,,,,,,,,,,,,,
265,3070,265,79662,,,,,,,,,,,,,,,,
266,35993,266,1504,,,,,,,,,,,,,,,,
267,14159,267,557412,,,,,,,,,,,,,,,,
268,33832,268,10776,,,,,,,,,,,,,,,,
269,1974,269,180594,,,,,,,,,,,,,,,,
270,72143,270,81353,,,,,,,,,,,,,,,,
271,5513,271,152964,,,,,,,,,,,,,,,,
272,21552,272,439,,,,,,,,,,,,,,,,
273,72519,273,96766,,,,,,,,,,,,,,,,
274,9116,274,138492,,,,,,,,,,,,,,,,
275,9116,275,29321,,,,,,,,,,,,,,,,
276,5137,276,12374,,,,,,,,,,,,,,,,
277,137771,277,17292,,,,,,,,,,,,,,,,
278,170005,278,67695,,,,,,,,,,,,,,,,
279,8019,279,31,,,,,,,,,,,,,,,,
280,21678,280,194941,,,,,,,,,,,,,,,,
281,82356,281,29760,,,,,,,,,,,,,,,,
282,22116,282,39408,,,,,,,,,,,,,,,,
283,17104,283,9241,,,,,,,,,,,,,,,,
284,105787,284,292709,,,,,,,,,,,,,,,,
285,136111,285,22962,,,,,,,,,,,,,,,,
286,93100,286,73146,,,,,,,,,,,,,,,,
287,251,287,75558,,,,,,,,,,,,,,,,
288,4981,288,1222,,,,,,,,,,,,,,,,
289,2757,289,179153,,,,,,,,,,,,,,,,
290,28068,290,1723,,,,,,,,,,,,,,,,
291,3258,291,73835,,,,,,,,,,,,,,,,
292,13721,292,64876,,,,,,,,,,,,,,,,
293,51562,293,407,,,,,,,,,,,,,,,,
294,219,294,13533,,,,,,,,,,,,,,,,
295,90406,295,7644,,,,,,,,,,,,,,,,
296,7706,296,65471,,,,,,,,,,,,,,,,
297,2569,297,5200,,,,,,,,,,,,,,,,
298,3759,298,114151,,,,,,,,,,,,,,,,
299,13376,299,32234,,,,,,,,,,,,,,,,
300,4887,300,77594,,,,,,,,,,,,,,,,
301,54601,301,30010,,,,,,,,,,,,,,,,
302,3227,302,42415,,,,,,,,,,,,,,,,
303,6641,303,15788,,,,,,,,,,,,,,,,
304,470,304,21928,,,,,,,,,,,,,,,,
305,12280,305,2005,,,,,,,,,,,,,,,,
306,6077,306,10839,,,,,,,,,,,,,,,,
307,4574,307,595,,,,,,,,,,,,,,,,
308,62119,308,180280,,,,,,,,,,,,,,,,
309,3227,309,87618,,,,,,,,,,,,,,,,
310,6860,310,63,,,,,,,,,,,,,,,,
311,12405,311,5639,,,,,,,,,,,,,,,,
312,12123,312,7800,,,,,,,,,,,,,,,,
313,3822,313,908,,,,,,,,,,,,,,,,
314,4480,314,123173,,,,,,,,,,,,,,,,
315,1128,315,10525,,,,,,,,,,,,,,,,
316,2725,316,9147,,,,,,,,,,,,,,,,
317,31044,317,16947,,,,,,,,,,,,,,,,
318,36307,318,60741,,,,,,,,,,,,,,,,
319,32610,319,78440,,,,,,,,,,,,,,,,
320,12781,320,2631,,,,,,,,,,,,,,,,
321,8489,321,256152,,,,,,,,,,,,,,,,
322,1817,322,26690,,,,,,,,,,,,,,,,
323,24591,323,7393,,,,,,,,,,,,,,,,
324,10150,324,150270,,,,,,,,,,,,,,,,
325,5513,325,94,,,,,,,,,,,,,,,,
326,3947,326,35085,,,,,,,,,,,,,,,,
327,564,327,282,,,,,,,,,,,,,,,,
328,3446,328,1566,,,,,,,,,,,,,,,,
329,6829,329,36902,,,,,,,,,,,,,,,,
330,4511,330,80601,,,,,,,,,,,,,,,,
331,395834,331,3133,,,,,,,,,,,,,,,,
332,2819,332,4135,,,,,,,,,,,,,,,,
333,69199,333,21646,,,,,,,,,,,,,,,,
334,66254,334,21646,,,,,,,,,,,,,,,,
335,110894,335,23808,,,,,,,,,,,,,,,,
336,3133,336,390696,,,,,,,,,,,,,,,,
337,60146,337,20988,,,,,,,,,,,,,,,,
338,1504,338,5858,,,,,,,,,,,,,,,,
339,8051,339,266333,,,,,,,,,,,,,,,,
340,1222,340,62620,,,,,,,,,,,,,,,,
341,720,341,122609,,,,,,,,,,,,,,,,
342,19046,342,26658,,,,,,,,,,,,,,,,
343,3352,343,179810,,,,,,,,,,,,,,,,
344,3477,344,8333,,,,,,,,,,,,,,,,
345,11685,345,11215,,,,,,,,,,,,,,,,
346,9930,346,148297,,,,,,,,,,,,,,,,
347,8458,347,131913,,,,,,,,,,,,,,,,
348,16383,348,36965,,,,,,,,,,,,,,,,
349,185105,349,181721,,,,,,,,,,,,,,,,
350,68478,350,37184,,,,,,,,,,,,,,,,
351,5607,351,20675,,,,,,,,,,,,,,,,
352,30731,352,28820,,,,,,,,,,,,,,,,
353,106947,353,118568,,,,,,,,,,,,,,,,
354,32172,354,10933,,,,,,,,,,,,,,,,
355,5169,355,20769,,,,,,,,,,,,,,,,
356,30104,356,379137,,,,,,,,,,,,,,,,
357,7424,357,4887,,,,,,,,,,,,,,,,
358,26376,358,52502,,,,,,,,,,,,,,,,
359,230402,359,11966,,,,,,,,,,,,,,,,
360,15099,360,8489,,,,,,,,,,,,,,,,
361,1848,361,31545,,,,,,,,,,,,,,,,
362,357741,362,69074,,,,,,,,,,,,,,,,
363,191526,363,11215,,,,,,,,,,,,,,,,
364,129345,364,29008,,,,,,,,,,,,,,,,
365,65126,365,22774,,,,,,,,,,,,,,,,
366,10306,366,13940,,,,,,,,,,,,,,,,
367,2631,367,54570,,,,,,,,,,,,,,,,
368,63247,368,27786,,,,,,,,,,,,,,,,
369,19798,369,11277,,,,,,,,,,,,,,,,
370,13032,370,10463,,,,,,,,,,,,,,,,
371,11591,371,4010,,,,,,,,,,,,,,,,
372,25186,372,83139,,,,,,,,,,,,,,,,
373,21333,373,153183,,,,,,,,,,,,,,,,
374,157,374,30073,,,,,,,,,,,,,,,,
375,19422,375,29164,,,,,,,,,,,,,,,,
376,16603,376,118474,,,,,,,,,,,,,,,,
377,17198,377,5012,,,,,,,,,,,,,,,,
378,7737,378,22179,,,,,,,,,,,,,,,,
379,34333,379,10933,,,,,,,,,,,,,,,,
380,63,380,302702,,,,,,,,,,,,,,,,
381,66192,381,11403,,,,,,,,,,,,,,,,
382,11027,382,43950,,,,,,,,,,,,,,,,
383,23181,383,64563,,,,,,,,,,,,,,,,
384,1911,384,57890,,,,,,,,,,,,,,,,
385,2694,385,4260,,,,,,,,,,,,,,,,
386,2255,386,62213,,,,,,,,,,,,,,,,
387,41350,387,16133,,,,,,,,,,,,,,,,
388,25029,388,22868,,,,,,,,,,,,,,,,
389,19391,389,17198,,,,,,,,,,,,,,,,
390,11591,390,43512,,,,,,,,,,,,,,,,
391,2381,391,31764,,,,,,,,,,,,,,,,
392,8959,392,125523,,,,,,,,,,,,,,,,
393,10369,393,38249,,,,,,,,,,,,,,,,
394,4605,394,120479,,,,,,,,,,,,,,,,
395,5795,395,245219,,,,,,,,,,,,,,,,
396,12969,396,4762,,,,,,,,,,,,,,,,
397,3446,397,28193,,,,,,,,,,,,,,,,
398,15099,398,1942,,,,,,,,,,,,,,,,
399,3947,399,32078,,,,,,,,,,,,,,,,
400,3884,400,170256,,,,,,,,,,,,,,,,
401,4762,401,14754,,,,,,,,,,,,,,,,
402,18670,402,23588,,,,,,,,,,,,,,,,
403,22586,403,213830,,,,,,,,,,,,,,,,
404,2036,404,112115,,,,,,,,,,,,,,,,
405,3070,405,15851,,,,,,,,,,,,,,,,
406,29164,406,18169,,,,,,,,,,,,,,,,
407,62370,407,188488,,,,,,,,,,,,,,,,
408,3571,408,17292,,,,,,,,,,,,,,,,
409,3415,409,3101,,,,,,,,,,,,,,,,
410,53129,410,75307,,,,,,,,,,,,,,,,
411,11559,411,15162,,,,,,,,,,,,,,,,
412,3164,412,69669,,,,,,,,,,,,,,,,
413,54006,413,12248,,,,,,,,,,,,,,,,
414,130472,414,1347,,,,,,,,,,,,,,,,
415,19046,415,215209,,,,,,,,,,,,,,,,
416,28225,416,14473,,,,,,,,,,,,,,,,
417,174955,417,108168,,,,,,,,,,,,,,,,
418,28381,418,157945,,,,,,,,,,,,,,,,
419,2475,419,106821,,,,,,,,,,,,,,,,
420,1128,420,31827,,,,,,,,,,,,,,,,
421,48680,421,9178,,,,,,,,,,,,,,,,
422,5106,422,15099,,,,,,,,,,,,,,,,
423,14347,423,42979,,,,,,,,,,,,,,,,
424,314010,424,21458,,,,,,,,,,,,,,,,
425,14441,425,5012,,,,,,,,,,,,,,,,
426,19171,426,6860,,,,,,,,,,,,,,,,
427,87838,427,71642,,,,,,,,,,,,,,,,
428,282,428,43261,,,,,,,,,,,,,,,,
429,29509,429,145446,,,,,,,,,,,,,,,,
430,82324,430,5545,,,,,,,,,,,,,,,,
431,8740,431,45109,,,,,,,,,,,,,,,,
432,5200,432,74806,,,,,,,,,,,,,,,,
433,159480,433,44702,,,,,,,,,,,,,,,,
434,224575,434,107761,,,,,,,,,,,,,,,,
435,42102,435,57170,,,,,,,,,,,,,,,,
436,60678,436,61712,,,,,,,,,,,,,,,,
437,35398,437,9272,,,,,,,,,,,,,,,,
438,33989,438,22429,,,,,,,,,,,,,,,,
439,10306,439,63090,,,,,,,,,,,,,,,,
440,13251,440,46519,,,,,,,,,,,,,,,,
441,126870,441,22711,,,,,,,,,,,,,,,,
442,60302,442,53003,,,,,,,,,,,,,,,,
443,100117,443,3101,,,,,,,,,,,,,,,,
444,192591,444,17386,,,,,,,,,,,,,,,,
445,52815,445,1096,,,,,,,,,,,,,,,,
446,8395,446,5200,,,,,,,,,,,,,,,,
447,23275,447,69575,,,,,,,,,,,,,,,,
448,55165,448,13220,,,,,,,,,,,,,,,,
449,97705,449,85488,,,,,,,,,,,,,,,,
450,34270,450,16759,,,,,,,,,,,,,,,,
451,2663,451,49620,,,,,,,,,,,,,,,,
452,170538,452,74524,,,,,,,,,,,,,,,,
453,658,453,11966,,,,,,,,,,,,,,,,
454,43136,454,19892,,,,,,,,,,,,,,,,
455,20017,455,325319,,,,,,,,,,,,,,,,
456,36745,456,470,,,,,,,,,,,,,,,,
457,197886,457,21396,,,,,,,,,,,,,,,,
458,51625,458,37528,,,,,,,,,,,,,,,,
459,313,459,11465,,,,,,,,,,,,,,,,
460,9805,460,16916,,,,,,,,,,,,,,,,
461,61461,461,55353,,,,,,,,,,,,,,,,
462,3321,462,14034,,,,,,,,,,,,,,,,
463,79348,463,208536,,,,,,,,,,,,,,,,
464,2005,464,4605,,,,,,,,,,,,,,,,
465,103783,465,1848,,,,,,,,,,,,,,,,
466,329861,466,7299,,,,,,,,,,,,,,,,
467,13032,467,43010,,,,,,,,,,,,,,,,
468,2913,468,13251,,,,,,,,,,,,,,,,
469,51907,469,115029,,,,,,,,,,,,,,,,
470,174830,470,75652,,,,,,,,,,,,,,,,
471,1974,471,37246,,,,,,,,,,,,,,,,
472,21803,472,83483,,,,,,,,,,,,,,,,
473,48931,473,31169,,,,,,,,,,,,,,,,
474,68510,474,17167,,,,,,,,,,,,,,,,
475,4229,475,39220,,,,,,,,,,,,,,,,
476,75088,476,24873,,,,,,,,,,,,,,,,
477,35868,477,20456,,,,,,,,,,,,,,,,
478,244561,478,51970,,,,,,,,,,,,,,,,
479,3978,479,177398,,,,,,,,,,,,,,,,
480,26658,480,11935,,,,,,,,,,,,,,,,
481,323909,481,362785,,,,,,,,,,,,,,,,
482,70953,482,11497,,,,,,,,,,,,,,,,
483,45955,483,12029,,,,,,,,,,,,,,,,
484,2036,484,21552,,,,,,,,,,,,,,,,
485,50059,485,207784,,,,,,,,,,,,,,,,
486,81886,486,55415,,,,,,,,,,,,,,,,
487,9680,487,131318,,,,,,,,,,,,,,,,
488,64281,488,22962,,,,,,,,,,,,,,,,
489,17323,489,210103,,,,,,,,,,,,,,,,
490,171822,490,6171,,,,,,,,,,,,,,,,
491,1347,491,22022,,,,,,,,,,,,,,,,
492,971,492,564,,,,,,,,,,,,,,,,
493,31263,493,40630,,,,,,,,,,,,,,,,
494,34364,494,8897,,,,,,,,,,,,,,,,
495,477469,495,75464,,,,,,,,,,,,,,,,
496,35774,496,32140,,,,,,,,,,,,,,,,
497,30981,497,19328,,,,,,,,,,,,,,,,
498,82920,498,26627,,,,,,,,,,,,,,,,
499,7925,499,13533,,,,,,,,,,,,,,,,
500,48743,500,31169,,,,,,,,,,,,,,,,
501,46362,501,134513,,,,,,,,,,,,,,,,
502,2349,502,115467,,,,,,,,,,,,,,,,
503,12499,503,908,,,,,,,,,,,,,,,,
504,3822,504,59206,,,,,,,,,,,,,,,,
505,20393,505,134263,,,,,,,,,,,,,,,,
506,470,506,8395,,,,,,,,,,,,,,,,
507,5889,507,87650,,,,,,,,,,,,,,,,
508,3195,508,212828,,,,,,,,,,,,,,,,
509,17668,509,90156,,,,,,,,,,,,,,,,
510,35210,510,55509,,,,,,,,,,,,,,,,
511,10870,511,14535,,,,,,,,,,,,,,,,
512,74806,512,17793,,,,,,,,,,,,,,,,
513,15976,513,22617,,,,,,,,,,,,,,,,
514,99867,514,79850,,,,,,,,,,,,,,,,
515,98770,515,4260,,,,,,,,,,,,,,,,
516,125711,516,100901,,,,,,,,,,,,,,,,
517,211293,517,11622,,,,,,,,,,,,,,,,
518,77156,518,28319,,,,,,,,,,,,,,,,
519,8897,519,25092,,,,,,,,,,,,,,,,
520,90125,520,3477,,,,,,,,,,,,,,,,
521,102404,521,107824,,,,,,,,,,,,,,,,
522,114527,522,29728,,,,,,,,,,,,,,,,
523,3195,523,42353,,,,,,,,,,,,,,,,
524,4605,524,16822,,,,,,,,,,,,,,,,
525,19986,525,57608,,,,,,,,,,,,,,,,
526,179403,526,4668,,,,,,,,,,,,,,,,
527,188,527,49808,,,,,,,,,,,,,,,,
528,112961,528,85488,,,,,,,,,,,,,,,,
529,157,529,10087,,,,,,,,,,,,,,,,
530,1190,530,48398,,,,,,,,,,,,,,,,
531,5545,531,9178,,,,,,,,,,,,,,,,
532,4354,532,1629,,,,,,,,,,,,,,,,
533,1504,533,3352,,,,,,,,,,,,,,,,
534,139839,534,63153,,,,,,,,,,,,,,,,
535,19453,535,10338,,,,,,,,,,,,,,,,
536,35680,536,71298,,,,,,,,,,,,,,,,
537,1974,537,62151,,,,,,,,,,,,,,,,
538,26408,538,14285,,,,,,,,,,,,,,,,
539,102592,539,59206,,,,,,,,,,,,,,,,
540,62057,540,31326,,,,,,,,,,,,,,,,
541,5357,541,5137,,,,,,,,,,,,,,,,
542,1848,542,26408,,,,,,,,,,,,,,,,
543,62182,543,66380,,,,,,,,,,,,,,,,
544,8458,544,7769,,,,,,,,,,,,,,,,
545,57232,545,31,,,,,,,,,,,,,,,,
546,5639,546,7894,,,,,,,,,,,,,,,,
547,38593,547,14974,,,,,,,,,,,,,,,,
548,2537,548,80163,,,,,,,,,,,,,,,,
549,1911,549,31044,,,,,,,,,,,,,,,,
550,7800,550,10839,,,,,,,,,,,,,,,,
551,31,551,17073,,,,,,,,,,,,,,,,
552,2381,552,103939,,,,,,,,,,,,,,,,
553,192967,553,42415,,,,,,,,,,,,,,,,
554,22711,554,204558,,,,,,,,,,,,,,,,
555,4887,555,104284,,,,,,,,,,,,,,,,
556,17135,556,115311,,,,,,,,,,,,,,,,
557,66442,557,7111,,,,,,,,,,,,,,,,
558,155533,558,1316,,,,,,,,,,,,,,,,
559,25092,559,2005,,,,,,,,,,,,,,,,
560,46801,560,70577,,,,,,,,,,,,,,,,
561,79380,561,25311,,,,,,,,,,,,,,,,
562,52252,562,85488,,,,,,,,,,,,,,,,
563,57044,563,3696,,,,,,,,,,,,,,,,
564,161234,564,6140,,,,,,,,,,,,,,,,
565,80852,565,29290,,,,,,,,,,,,,,,,
566,14535,566,2819,,,,,,,,,,,,,,,,
567,4605,567,72833,,,,,,,,,,,,,,,,
568,4730,568,309030,,,,,,,,,,,,,,,,
569,82763,569,24215,,,,,,,,,,,,,,,,
570,1598,570,11747,,,,,,,,,,,,,,,,
571,12123,571,251,,,,,,,,,,,,,,,,
572,31,572,2725,,,,,,,,,,,,,,,,
573,123518,573,13752,,,,,,,,,,,,,,,,
574,38687,574,21991,,,,,,,,,,,,,,,,
575,12060,575,4448,,,,,,,,,,,,,,,,
576,33675,576,10369,,,,,,,,,,,,,,,,
577,2475,577,19610,,,,,,,,,,,,,,,,
578,64500,578,36275,,,,,,,,,,,,,,,,
579,28131,579,21834,,,,,,,,,,,,,,,,
580,9366,580,4605,,,,,,,,,,,,,,,,
581,24716,581,12029,,,,,,,,,,,,,,,,
582,1598,582,11434,,,,,,,,,,,,,,,,
583,2255,583,197134,,,,,,,,,,,,,,,,
584,501,584,21991,,,,,,,,,,,,,,,,
585,2412,585,16258,,,,,,,,,,,,,,,,
586,37873,586,2631,,,,,,,,,,,,,,,,
587,37810,587,32892,,,,,,,,,,,,,,,,
588,8677,588,23150,,,,,,,,,,,,,,,,
589,23776,589,15600,,,,,,,,,,,,,,,,
590,47741,590,8051,,,,,,,,,,,,,,,,
591,44890,591,34709,,,,,,,,,,,,,,,,
592,908,592,188,,,,,,,,,,,,,,,,
593,28162,593,251,,,,,,,,,,,,,,,,
594,122578,594,146198,,,,,,,,,,,,,,,,
595,3571,595,140778,,,,,,,,,,,,,,,,
596,54601,596,24403,,,,,,,,,,,,,,,,
597,2851,597,25029,,,,,,,,,,,,,,,,
598,282,598,6203,,,,,,,,,,,,,,,,
599,41538,599,62808,,,,,,,,,,,,,,,,
600,105725,600,11434,,,,,,,,,,,,,,,,
601,21302,601,14347,,,,,,,,,,,,,,,,
602,30793,602,35179,,,,,,,,,,,,,,,,
603,4072,603,11309,,,,,,,,,,,,,,,,
604,157,604,10619,,,,,,,,,,,,,,,,
605,5325,605,15694,,,,,,,,,,,,,,,,
606,13658,606,2287,,,,,,,,,,,,,,,,
607,1566,607,4605,,,,,,,,,,,,,,,,
608,53849,608,75433,,,,,,,,,,,,,,,,
609,3227,609,18169,,,,,,,,,,,,,,,,
610,595,610,83734,,,,,,,,,,,,,,,,
611,19234,611,3446,,,,,,,,,,,,,,,,
612,16415,612,7236,,,,,,,,,,,,,,,,
613,40316,613,13407,,,,,,,,,,,,,,,,
614,185637,614,5388,,,,,,,,,,,,,,,,
615,538147,615,5451,,,,,,,,,,,,,,,,
616,98583,616,8051,,,,,,,,,,,,,,,,
617,269121,617,94,,,,,,,,,,,,,,,,
618,219,618,5482,,,,,,,,,,,,,,,,
619,30887,619,21771,,,,,,,,,,,,,,,,
620,15381,620,2318,,,,,,,,,,,,,,,,
621,13032,621,25719,,,,,,,,,,,,,,,,
622,2663,622,26126,,,,,,,,,,,,,,,,
623,7299,623,89529,,,,,,,,,,,,,,,,
624,102718,624,26564,,,,,,,,,,,,,,,,
625,36401,625,8615,,,,,,,,,,,,,,,,
626,19140,626,7644,,,,,,,,,,,,,,,,
627,7644,627,71987,,,,,,,,,,,,,,,,
628,23338,628,11998,,,,,,,,,,,,,,,,
629,10369,629,5733,,,,,,,,,,,,,,,,
630,21897,630,5294,,,,,,,,,,,,,,,,
631,154186,631,101089,,,,,,,,,,,,,,,,
632,470,632,257655,,,,,,,,,,,,,,,,
633,42791,633,74524,,,,,,,,,,,,,,,,
634,65941,634,6265,,,,,,,,,,,,,,,,
635,72770,635,53599,,,,,,,,,,,,,,,,
636,227958,636,7737,,,,,,,,,,,,,,,,
637,14003,637,290547,,,,,,,,,,,,,,,,
638,7174,638,10369,,,,,,,,,,,,,,,,
639,12938,639,12060,,,,,,,,,,,,,,,,
640,1002,640,18169,,,,,,,,,,,,,,,,
641,305740,641,100932,,,,,,,,,,,,,,,,
642,53254,642,27974,,,,,,,,,,,,,,,,
643,18263,643,39909,,,,,,,,,,,,,,,,
644,940,644,3884,,,,,,,,,,,,,,,,
645,21082,645,8709,,,,,,,,,,,,,,,,
646,60146,646,28444,,,,,,,,,,,,,,,,
647,22617,647,171791,,,,,,,,,,,,,,,,
648,23369,648,29008,,,,,,,,,,,,,,,,
649,48994,649,1786,,,,,,,,,,,,,,,,
650,15538,650,74869,,,,,,,,,,,,,,,,
651,32516,651,40097,,,,,,,,,,,,,,,,
652,126901,652,19986,,,,,,,,,,,,,,,,
653,55353,653,28131,,,,,,,,,,,,,,,,
654,183319,654,66975,,,,,,,,,,,,,,,,
655,5231,655,4856,,,,,,,,,,,,,,,,
656,21396,656,20738,,,,,,,,,,,,,,,,
657,60396,657,42666,,,,,,,,,,,,,,,,
658,50059,658,8176,,,,,,,,,,,,,,,,
659,10432,659,3728,,,,,,,,,,,,,,,,
660,7831,660,71611,,,,,,,,,,,,,,,,
661,34803,661,10369,,,,,,,,,,,,,,,,
662,2788,662,57232,,,,,,,,,,,,,,,,
663,454131,663,9460,,,,,,,,,,,,,,,,
664,10839,664,48273,,,,,,,,,,,,,,,,
665,6516,665,15005,,,,,,,,,,,,,,,,
666,5795,666,65220,,,,,,,,,,,,,,,,
667,34114,667,4542,,,,,,,,,,,,,,,,
668,10651,668,45109,,,,,,,,,,,,,,,,
669,6453,669,23714,,,,,,,,,,,,,,,,
670,51876,670,35085,,,,,,,,,,,,,,,,
671,15663,671,39251,,,,,,,,,,,,,,,,
672,4605,672,15663,,,,,,,,,,,,,,,,
673,15538,673,38249,,,,,,,,,,,,,,,,
674,6390,674,36025,,,,,,,,,,,,,,,,
675,26126,675,11966,,,,,,,,,,,,,,,,
676,49745,676,124802,,,,,,,,,,,,,,,,
677,81604,677,69105,,,,,,,,,,,,,,,,
678,7330,678,79505,,,,,,,,,,,,,,,,
679,254648,679,38531,,,,,,,,,,,,,,,,
680,15538,680,122421,,,,,,,,,,,,,,,,
681,14253,681,9993,,,,,,,,,,,,,,,,
682,3978,682,397932,,,,,,,,,,,,,,,,
683,7080,683,7612,,,,,,,,,,,,,,,,
684,4574,684,58611,,,,,,,,,,,,,,,,
685,10400,685,44733,,,,,,,,,,,,,,,,
686,17229,686,142470,,,,,,,,,,,,,,,,
687,2412,687,58360,,,,,,,,,,,,,,,,
688,2036,688,31670,,,,,,,,,,,,,,,,
689,11653,689,28507,,,,,,,,,,,,,,,,
690,3916,690,8991,,,,,,,,,,,,,,,,
691,3947,691,38907,,,,,,,,,,,,,,,,
692,47835,692,31764,,,,,,,,,,,,,,,,
693,3321,693,93821,,,,,,,,,,,,,,,,
694,8176,694,146605,,,,,,,,,,,,,,,,
695,20706,695,90031,,,,,,,,,,,,,,,,
696,149174,696,8145,,,,,,,,,,,,,,,,
697,2976,697,82888,,,,,,,,,,,,,,,,
698,5357,698,7080,,,,,,,,,,,,,,,,
699,8082,699,13721,,,,,,,,,,,,,,,,
700,4887,700,13439,,,,,,,,,,,,,,,,
701,5795,701,63122,,,,,,,,,,,,,,,,
702,48837,702,752,,,,,,,,,,,,,,,,
703,36557,703,110580,,,,,,,,,,,,,,,,
704,3258,704,258783,,,,,,,,,,,,,,,,
705,80132,705,91722,,,,,,,,,,,,,,,,
706,125,706,5075,,,,,,,,,,,,,,,,
707,1723,707,501,,,,,,,,,,,,,,,,
708,105161,708,186608,,,,,,,,,,,,,,,,
709,17950,709,10745,,,,,,,,,,,,,,,,
710,11058,710,46832,,,,,,,,,,,,,,,,
711,5419,711,9460,,,,,,,,,,,,,,,,
712,63,712,305834,,,,,,,,,,,,,,,,
713,26282,713,8082,,,,,,,,,,,,,,,,
714,63717,714,30135,,,,,,,,,,,,,,,,
715,71016,715,3540,,,,,,,,,,,,,,,,
716,74775,716,20143,,,,,,,,,,,,,,,,
717,1786,717,8239,,,,,,,,,,,,,,,,
718,73177,718,48994,,,,,,,,,,,,,,,,
719,1660,719,9993,,,,,,,,,,,,,,,,
720,10745,720,35336,,,,,,,,,,,,,,,,
721,345,721,9680,,,,,,,,,,,,,,,,
722,17198,722,42415,,,,,,,,,,,,,,,,
723,156347,723,10557,,,,,,,,,,,,,,,,
724,32078,724,68447,,,,,,,,,,,,,,,,
725,6766,725,1410,,,,,,,,,,,,,,,,
726,3101,726,8771,,,,,,,,,,,,,,,,
727,12969,727,21114,,,,,,,,,,,,,,,,
728,40097,728,4918,,,,,,,,,,,,,,,,
729,144945,729,8364,,,,,,,,,,,,,,,,
730,1692,730,3164,,,,,,,,,,,,,,,,
731,38938,731,111927,,,,,,,,,,,,,,,,
732,17730,732,33487,,,,,,,,,,,,,,,,
733,115530,733,93257,,,,,,,,,,,,,,,,
734,13313,734,167499,,,,,,,,,,,,,,,,
735,69105,735,150771,,,,,,,,,,,,,,,,
736,19046,736,8834,,,,,,,,,,,,,,,,
737,4542,737,31608,,,,,,,,,,,,,,,,
738,10212,738,22022,,,,,,,,,,,,,,,,
739,3321,739,95325,,,,,,,,,,,,,,,,
740,76185,740,7142,,,,,,,,,,,,,,,,
741,18670,741,9210,,,,,,,,,,,,,,,,
742,17605,742,35179,,,,,,,,,,,,,,,,
743,6516,743,20237,,,,,,,,,,,,,,,,
744,7330,744,42196,,,,,,,,,,,,,,,,
745,9116,745,21771,,,,,,,,,,,,,,,,
746,251,746,56825,,,,,,,,,,,,,,,,
747,2694,747,235226,,,,,,,,,,,,,,,,
748,348438,748,42760,,,,,,,,,,,,,,,,
749,4072,749,19892,,,,,,,,,,,,,,,,
750,1222,750,595,,,,,,,,,,,,,,,,
751,4386,751,50247,,,,,,,,,,,,,,,,
752,36213,752,34396,,,,,,,,,,,,,,,,
753,26721,753,64939,,,,,,,,,,,,,,,,
754,6484,754,971,,,,,,,,,,,,,,,,
755,25656,755,814,,,,,,,,,,,,,,,,
756,44702,756,29603,,,,,,,,,,,,,,,,
757,6860,757,94667,,,,,,,,,,,,,,,,
758,21678,758,20581,,,,,,,,,,,,,,,,
759,7393,759,66943,,,,,,,,,,,,,,,,
760,127872,760,2255,,,,,,,,,,,,,,,,
761,35649,761,18576,,,,,,,,,,,,,,,,
762,58078,762,125899,,,,,,,,,,,,,,,,
763,87399,763,10807,,,,,,,,,,,,,,,,
764,752,764,1535,,,,,,,,,,,,,,,,
765,31764,765,48367,,,,,,,,,,,,,,,,
766,36244,766,181878,,,,,,,,,,,,,,,,
767,104973,767,80539,,,,,,,,,,,,,,,,
768,5012,768,43480,,,,,,,,,,,,,,,,
769,41820,769,148641,,,,,,,,,,,,,,,,
770,219469,770,72269,,,,,,,,,,,,,,,,
771,51813,771,2255,,,,,,,,,,,,,,,,
772,118944,772,52815,,,,,,,,,,,,,,,,
773,110643,773,85332,,,,,,,,,,,,,,,,
774,4981,774,136299,,,,,,,,,,,,,,,,
775,219,775,21897,,,,,,,,,,,,,,,,
776,54726,776,4448,,,,,,,,,,,,,,,,
777,156943,777,382865,,,,,,,,,,,,,,,,
778,37403,778,4730,,,,,,,,,,,,,,,,
779,45391,779,1566,,,,,,,,,,,,,,,,
780,78158,780,16289,,,,,,,,,,,,,,,,
781,34364,781,15914,,,,,,,,,,,,,,,,
782,877,782,564,,,,,,,,,,,,,,,,
783,24685,783,35649,,,,,,,,,,,,,,,,
784,23557,784,18983,,,,,,,,,,,,,,,,
785,2161,785,12374,,,,,,,,,,,,,,,,
786,1253,786,105067,,,,,,,,,,,,,,,,
787,136863,787,94,,,,,,,,,,,,,,,,
788,19579,788,12812,,,,,,,,,,,,,,,,
789,223416,789,13313,,,,,,,,,,,,,,,,
790,88308,790,8709,,,,,,,,,,,,,,,,
791,3508,791,14942,,,,,,,,,,,,,,,,
792,5106,792,17386,,,,,,,,,,,,,,,,
793,51500,793,41663,,,,,,,,,,,,,,,,
794,75339,794,1316,,,,,,,,,,,,,,,,
795,8270,795,44984,,,,,,,,,,,,,,,,
796,183726,796,28068,,,,,,,,,,,,,,,,
797,56888,797,15381,,,,,,,,,,,,,,,,
798,86961,798,2412,,,,,,,,,,,,,,,,
799,32736,799,3101,,,,,,,,,,,,,,,,
800,24215,800,9210,,,,,,,,,,,,,,,,
801,72801,801,18451,,,,,,,,,,,,,,,,
802,300509,802,30981,,,,,,,,,,,,,,,,
803,9022,803,42666,,,,,,,,,,,,,,,,
804,4041,804,47647,,,,,,,,,,,,,,,,
805,9241,805,30511,,,,,,,,,,,,,,,,
806,261884,806,356269,,,,,,,,,,,,,,,,
807,93288,807,141656,,,,,,,,,,,,,,,,
808,124959,808,6296,,,,,,,,,,,,,,,,
809,7769,809,4354,,,,,,,,,,,,,,,,
810,80006,810,55572,,,,,,,,,,,,,,,,
811,243778,811,12154,,,,,,,,,,,,,,,,
812,54570,812,69449,,,,,,,,,,,,,,,,
813,152024,813,1284,,,,,,,,,,,,,,,,
814,44608,814,38186,,,,,,,,,,,,,,,,
815,45986,815,51719,,,,,,,,,,,,,,,,
816,119633,816,29697,,,,,,,,,,,,,,,,
817,2381,817,1253,,,,,,,,,,,,,,,,
818,53536,818,50529,,,,,,,,,,,,,,,,
819,6672,819,3164,,,,,,,,,,,,,,,,
820,8834,820,49996,,,,,,,,,,,,,,,,
821,42353,821,77406,,,,,,,,,,,,,,,,
822,5795,822,65189,,,,,,,,,,,,,,,,
823,54695,823,105975,,,,,,,,,,,,,,,,
824,36150,824,564,,,,,,,,,,,,,,,,
825,65816,825,157726,,,,,,,,,,,,,,,,
826,2851,826,2757,,,,,,,,,,,,,,,,
827,103313,827,49996,,,,,,,,,,,,,,,,
828,77218,828,8771,,,,,,,,,,,,,,,,
829,51938,829,12123,,,,,,,,,,,,,,,,
830,104033,830,188,,,,,,,,,,,,,,,,
831,13313,831,57828,,,,,,,,,,,,,,,,
832,3947,832,20237,,,,,,,,,,,,,,,,
833,251,833,287603,,,,,,,,,,,,,,,,
834,720,834,3415,,,,,,,,,,,,,,,,
835,3321,835,20205,,,,,,,,,,,,,,,,
836,11904,836,971,,,,,,,,,,,,,,,,
837,33017,837,1034,,,,,,,,,,,,,,,,
838,51813,838,2506,,,,,,,,,,,,,,,,
839,328796,839,2005,,,,,,,,,,,,,,,,
840,270248,840,9930,,,,,,,,,,,,,,,,
841,6892,841,21333,,,,,,,,,,,,,,,,
842,26533,842,2537,,,,,,,,,,,,,,,,
843,1378,843,4668,,,,,,,,,,,,,,,,
844,1347,844,232438,,,,,,,,,,,,,,,,
845,96045,845,13658,,,,,,,,,,,,,,,,
846,157,846,22147,,,,,,,,,,,,,,,,
847,533,847,36056,,,,,,,,,,,,,,,,
848,1472,848,62057,,,,,,,,,,,,,,,,
849,36150,849,115592,,,,,,,,,,,,,,,,
850,18357,850,31576,,,,,,,,,,,,,,,,
851,116250,851,65910,,,,,,,,,,,,,,,,
852,74869,852,10870,,,,,,,,,,,,,,,,
853,4041,853,42728,,,,,,,,,,,,,,,,
854,231561,854,138523,,,,,,,,,,,,,,,,
855,2600,855,16916,,,,,,,,,,,,,,,,
856,61681,856,17636,,,,,,,,,,,,,,,,
857,34772,857,31,,,,,,,,,,,,,,,,
858,188,858,3101,,,,,,,,,,,,,,,,
859,10651,859,25875,,,,,,,,,,,,,,,,
860,814,860,32485,,,,,,,,,,,,,,,,
861,5294,861,32266,,,,,,,,,,,,,,,,
862,47772,862,27943,,,,,,,,,,,,,,,,
863,47020,863,6046,,,,,,,,,,,,,,,,
864,105130,864,133480,,,,,,,,,,,,,,,,
865,103657,865,7174,,,,,,,,,,,,,,,,
866,1660,866,4542,,,,,,,,,,,,,,,,
867,1660,867,2694,,,,,,,,,,,,,,,,
868,14848,868,3665,,,,,,,,,,,,,,,,
869,7236,869,2537,,,,,,,,,,,,,,,,
870,1410,870,67821,,,,,,,,,,,,,,,,
871,95325,871,95763,,,,,,,,,,,,,,,,
872,4041,872,79599,,,,,,,,,,,,,,,,
873,277203,873,9805,,,,,,,,,,,,,,,,
874,46770,874,2318,,,,,,,,,,,,,,,,
875,3540,875,46362,,,,,,,,,,,,,,,,
876,6109,876,231091,,,,,,,,,,,,,,,,
877,4887,877,228648,,,,,,,,,,,,,,,,
878,121983,878,88151,,,,,,,,,,,,,,,,
879,76372,879,71266,,,,,,,,,,,,,,,,
880,2349,880,5639,,,,,,,,,,,,,,,,
881,4072,881,3289,,,,,,,,,,,,,,,,
882,36495,882,1754,,,,,,,,,,,,,,,,
883,105568,883,7111,,,,,,,,,,,,,,,,
884,64657,884,188,,,,,,,,,,,,,,,,
885,27911,885,16321,,,,,,,,,,,,,,,,
886,67695,886,9366,,,,,,,,,,,,,,,,
887,124740,887,3352,,,,,,,,,,,,,,,,
888,9836,888,4354,,,,,,,,,,,,,,,,
889,9742,889,17229,,,,,,,,,,,,,,,,
890,501,890,1253,,,,,,,,,,,,,,,,
891,7299,891,31,,,,,,,,,,,,,,,,
892,3665,892,33957,,,,,,,,,,,,,,,,
893,6171,893,16822,,,,,,,,,,,,,,,,
894,20362,894,22711,,,,,,,,,,,,,,,,
895,4542,895,2381,,,,,,,,,,,,,,,,
896,25938,896,4354,,,,,,,,,,,,,,,,
897,9085,897,2757,,,,,,,,,,,,,,,,
898,118474,898,8709,,,,,,,,,,,,,,,,
899,103125,899,1253,,,,,,,,,,,,,,,,
900,92505,900,1723,,,,,,,,,,,,,,,,
901,65628,901,81447,,,,,,,,,,,,,,,,
902,5952,902,11528,,,,,,,,,,,,,,,,
903,52847,903,1128,,,,,,,,,,,,,,,,
904,17135,904,2600,,,,,,,,,,,,,,,,
905,6140,905,51218,,,,,,,,,,,,,,,,
906,1723,906,689,,,,,,,,,,,,,,,,
907,51562,907,8646,,,,,,,,,,,,,,,,
908,940,908,10901,,,,,,,,,,,,,,,,
909,56011,909,3634,,,,,,,,,,,,,,,,
910,11371,910,4417,,,,,,,,,,,,,,,,
911,6422,911,2318,,,,,,,,,,,,,,,,
912,720,912,4636,,,,,,,,,,,,,,,,
913,151304,913,21709,,,,,,,,,,,,,,,,
914,7581,914,2631,,,,,,,,,,,,,,,,
915,29885,915,15475,,,,,,,,,,,,,,,,
916,58893,916,188,,,,,,,,,,,,,,,,
917,71893,917,2255,,,,,,,,,,,,,,,,
918,56355,918,22868,,,,,,,,,,,,,,,,
919,42791,919,1472,,,,,,,,,,,,,,,,
920,6203,920,7675,,,,,,,,,,,,,,,,
921,28444,921,122046,,,,,,,,,,,,,,,,
922,9178,922,376,,,,,,,,,,,,,,,,
923,16728,923,3289,,,,,,,,,,,,,,,,
924,25155,924,3039,,,,,,,,,,,,,,,,
925,689,925,13721,,,,,,,,,,,,,,,,
926,6860,926,16101,,,,,,,,,,,,,,,,
927,16634,927,15538,,,,,,,,,,,,,,,,
928,68071,928,7737,,,,,,,,,,,,,,,,
929,4323,929,219,,,,,,,,,,,,,,,,
930,7048,930,16101,,,,,,,,,,,,,,,,
931,14880,931,82168,,,,,,,,,,,,,,,,
932,97549,932,3007,,,,,,,,,,,,,,,,
933,25217,933,3790,,,,,,,,,,,,,,,,
934,2694,934,43230,,,,,,,,,,,,,,,,
935,18232,935,27692,,,,,,,,,,,,,,,,
936,2349,936,9993,,,,,,,,,,,,,,,,
937,125,937,96390,,,,,,,,,,,,,,,,
938,1880,938,10870,,,,,,,,,,,,,,,,
939,18889,939,2130,,,,,,,,,,,,,,,,
940,28820,940,3540,,,,,,,,,,,,,,,,
941,55697,941,135140,,,,,,,,,,,,,,,,
942,2945,942,203180,,,,,,,,,,,,,,,,
943,5733,943,44890,,,,,,,,,,,,,,,,
944,23432,944,1692,,,,,,,,,,,,,,,,
945,63216,945,77813,,,,,,,,,,,,,,,,
946,17605,946,846,,,,,,,,,,,,,,,,
947,28068,947,4605,,,,,,,,,,,,,,,,
948,2475,948,32360,,,,,,,,,,,,,,,,
949,9398,949,47741,,,,,,,,,,,,,,,,
950,689,950,21834,,,,,,,,,,,,,,,,
951,42478,951,6892,,,,,,,,,,,,,,,,
952,27066,952,1504,,,,,,,,,,,,,,,,
953,6453,953,143003,,,,,,,,,,,,,,,,
954,24559,954,3446,,,,,,,,,,,,,,,,
955,20143,955,501,,,,,,,,,,,,,,,,
956,36839,956,7706,,,,,,,,,,,,,,,,
957,121482,957,2099,,,,,,,,,,,,,,,,
958,37748,958,116783,,,,,,,,,,,,,,,,
959,28694,959,28005,,,,,,,,,,,,,,,,
960,58141,960,54256,,,,,,,,,,,,,,,,
961,14880,961,6954,,,,,,,,,,,,,,,,
962,84423,962,4730,,,,,,,,,,,,,,,,
963,74775,963,1535,,,,,,,,,,,,,,,,
964,56355,964,5294,,,,,,,,,,,,,,,,
965,65408,965,3540,,,,,,,,,,,,,,,,
966,10870,966,14097,,,,,,,,,,,,,,,,
967,24779,967,56794,,,,,,,,,,,,,,,,
968,9586,968,5889,,,,,,,,,,,,,,,,
969,20205,969,13094,,,,,,,,,,,,,,,,
970,31890,970,1974,,,,,,,,,,,,,,,,
971,131694,971,4856,,,,,,,,,,,,,,,,
972,47741,972,2412,,,,,,,,,,,,,,,,
973,279552,973,3101,,,,,,,,,,,,,,,,
974,7080,974,3195,,,,,,,,,,,,,,,,
975,23682,975,11904,,,,,,,,,,,,,,,,
976,7142,976,105725,,,,,,,,,,,,,,,,
977,16101,977,1002,,,,,,,,,,,,,,,,
978,1535,978,14661,,,,,,,,,,,,,,,,
979,3696,979,1942,,,,,,,,,,,,,,,,
980,49651,980,4166,,,,,,,,,,,,,,,,
981,11465,981,8897,,,,,,,,,,,,,,,,
982,877,982,2287,,,,,,,,,,,,,,,,
983,118286,983,18545,,,,,,,,,,,,,,,,
984,71360,984,29415,,,,,,,,,,,,,,,,
985,2945,985,9805,,,,,,,,,,,,,,,,
986,143629,986,38625,,,,,,,,,,,,,,,,
987,12530,987,6892,,,,,,,,,,,,,,,,
988,3884,988,1880,,,,,,,,,,,,,,,,
989,9554,989,1629,,,,,,,,,,,,,,,,
990,23714,990,1660,,,,,,,,,,,,,,,,
991,4824,991,40598,,,,,,,,,,,,,,,,
992,41945,992,8771,,,,,,,,,,,,,,,,
993,9836,993,1472,,,,,,,,,,,,,,,,
994,37560,994,6077,,,,,,,,,,,,,,,,
995,47803,995,58517,,,,,,,,,,,,,,,,
996,80288,996,52784,,,,,,,,,,,,,,,,
997,33613,997,126650,,,,,,,,,,,,,,,,
998,9930,998,12186,,,,,,,,,,,,,,,,
999,33393,999,70201,,,,,,,,,,,,,,,,
1000,159073,1000,20456,,,,,,,,,,,,,,,,
1001,65784,1001,64970,,,,,,,,,,,,,,,,
1002,533,1002,49338,,,,,,,,,,,,,,,,
1003,6077,1003,37904,,,,,,,,,,,,,,,,
1004,8489,1004,7080,,,,,,,,,,,,,,,,
1005,68416,1005,595,,,,,,,,,,,,,,,,
1006,1786,1006,4229,,,,,,,,,,,,,,,,
1007,470,1007,6516,,,,,,,,,,,,,,,,
1008,14316,1008,282,,,,,,,,,,,,,,,,
1009,2068,1009,1253,,,,,,,,,,,,,,,,
1010,6484,1010,1253,,,,,,,,,,,,,,,,
1011,470,1011,36119,,,,,,,,,,,,,,,,
1012,3853,1012,21208,,,,,,,,,,,,,,,,
1013,20706,1013,12342,,,,,,,,,,,,,,,,
1014,7362,1014,5451,,,,,,,,,,,,,,,,
1015,2349,1015,11089,,,,,,,,,,,,,,,,
1016,5075,1016,303015,,,,,,,,,,,,,,,,
1017,257781,1017,69074,,,,,,,,,,,,,,,,
1018,9272,1018,14097,,,,,,,,,,,,,,,,
1019,87932,1019,9836,,,,,,,,,,,,,,,,
1020,28068,1020,112147,,,,,,,,,,,,,,,,
1021,2099,1021,9210,,,,,,,,,,,,,,,,
1022,32454,1022,31,,,,,,,,,,,,,,,,
1023,40034,1023,5325,,,,,,,,,,,,,,,,
1024,117660,1024,13000,,,,,,,,,,,,,,,,
1025,814,1025,101057,,,,,,,,,,,,,,,,
1026,53191,1026,13032,,,,,,,,,,,,,,,,
1027,38531,1027,212358,,,,,,,,,,,,,,,,
1028,3195,1028,34114,,,,,,,,,,,,,,,,
1029,68854,1029,4668,,,,,,,,,,,,,,,,
1030,46989,1030,5388,,,,,,,,,,,,,,,,
1031,112053,1031,185794,,,,,,,,,,,,,,,,
1032,18200,1032,255838,,,,,,,,,,,,,,,,
1033,7957,1033,140716,,,,,,,,,,,,,,,,
1034,1096,1034,20424,,,,,,,,,,,,,,,,
1035,470,1035,2600,,,,,,,,,,,,,,,,
1036,6954,1036,9304,,,,,,,,,,,,,,,,
1037,27222,1037,206156,,,,,,,,,,,,,,,,
1038,345,1038,3321,,,,,,,,,,,,,,,,
1039,14848,1039,14473,,,,,,,,,,,,,,,,
1040,439,1040,2318,,,,,,,,,,,,,,,,
1041,57702,1041,14661,,,,,,,,,,,,,,,,
1042,8897,1042,4949,,,,,,,,,,,,,,,,
1043,29822,1043,43167,,,,,,,,,,,,,,,,
1044,55384,1044,36902,,,,,,,,,,,,,,,,
1045,482638,1045,17355,,,,,,,,,,,,,,,,
1046,112616,1046,4699,,,,,,,,,,,,,,,,
1047,108074,1047,188,,,,,,,,,,,,,,,,
1048,5701,1048,28099,,,,,,,,,,,,,,,,
1049,1786,1049,42635,,,,,,,,,,,,,,,,
1050,65408,1050,17480,,,,,,,,,,,,,,,,
1051,1911,1051,1190,,,,,,,,,,,,,,,,
1052,9523,1052,877,,,,,,,,,,,,,,,,
1053,14911,1053,4480,,,,,,,,,,,,,,,,
1054,104660,1054,47584,,,,,,,,,,,,,,,,
1055,26721,1055,2506,,,,,,,,,,,,,,,,
1056,8959,1056,10682,,,,,,,,,,,,,,,,
1057,27441,1057,187955,,,,,,,,,,,,,,,,
1058,40442,1058,18138,,,,,,,,,,,,,,,,
1059,3477,1059,18796,,,,,,,,,,,,,,,,
1060,1378,1060,4949,,,,,,,,,,,,,,,,
1061,304832,1061,96672,,,,,,,,,,,,,,,,
1062,61117,1062,141405,,,,,,,,,,,,,,,,
1063,3164,1063,5200,,,,,,,,,,,,,,,,
1064,107072,1064,16634,,,,,,,,,,,,,,,,
1065,6453,1065,4386,,,,,,,,,,,,,,,,
1066,15694,1066,34709,,,,,,,,,,,,,,,,
1067,19265,1067,10995,,,,,,,,,,,,,,,,
1068,33895,1068,36181,,,,,,,,,,,,,,,,
1069,59456,1069,23745,,,,,,,,,,,,,,,,
1070,26502,1070,5795,,,,,,,,,,,,,,,,
1071,27849,1071,4166,,,,,,,,,,,,,,,,
1072,12186,1072,17480,,,,,,,,,,,,,,,,
1073,11277,1073,39940,,,,,,,,,,,,,,,,
1074,129313,1074,2068,,,,,,,,,,,,,,,,
1075,69543,1075,501,,,,,,,,,,,,,,,,
1076,141969,1076,3508,,,,,,,,,,,,,,,,
1077,14191,1077,5357,,,,,,,,,,,,,,,,
1078,105975,1078,783,,,,,,,,,,,,,,,,
1079,1848,1079,6704,,,,,,,,,,,,,,,,
1080,1347,1080,6672,,,,,,,,,,,,,,,,
1081,37685,1081,9492,,,,,,,,,,,,,,,,
1082,9178,1082,1786,,,,,,,,,,,,,,,,
1083,24904,1083,377195,,,,,,,,,,,,,,,,
1084,80445,1084,1942,,,,,,,,,,,,,,,,
1085,5513,1085,44357,,,,,,,,,,,,,,,,
1086,15506,1086,10619,,,,,,,,,,,,,,,,
1087,24559,1087,5701,,,,,,,,,,,,,,,,
1088,20518,1088,219,,,,,,,,,,,,,,,,
1089,1817,1089,14222,,,,,,,,,,,,,,,,
1090,46080,1090,76185,,,,,,,,,,,,,,,,
1091,38750,1091,18702,,,,,,,,,,,,,,,,
1092,88809,1092,8897,,,,,,,,,,,,,,,,
1093,9742,1093,6672,,,,,,,,,,,,,,,,
1094,43982,1094,133949,,,,,,,,,,,,,,,,
1095,1786,1095,60835,,,,,,,,,,,,,,,,
1096,6046,1096,8489,,,,,,,,,,,,,,,,
1097,81040,1097,14942,,,,,,,,,,,,,,,,
1098,59112,1098,1786,,,,,,,,,,,,,,,,
1099,6422,1099,390414,,,,,,,,,,,,,,,,
1100,38030,1100,8051,,,,,,,,,,,,,,,,
1101,178589,1101,21991,,,,,,,,,,,,,,,,
1102,87524,1102,76936,,,,,,,,,,,,,,,,
1103,35555,1103,3195,,,,,,,,,,,,,,,,
1104,1566,1104,2318,,,,,,,,,,,,,,,,
1105,21302,1105,12906,,,,,,,,,,,,,,,,
1106,3634,1106,42509,,,,,,,,,,,,,,,,
1107,29760,1107,5733,,,,,,,,,,,,,,,,
1108,23087,1108,21771,,,,,,,,,,,,,,,,
1109,84705,1109,8364,,,,,,,,,,,,,,,,
1110,8051,1110,22210,,,,,,,,,,,,,,,,
1111,10244,1111,117127,,,,,,,,,,,,,,,,
1112,19767,1112,15882,,,,,,,,,,,,,,,,
1113,6140,1113,55040,,,,,,,,,,,,,,,,
1114,120730,1114,7800,,,,,,,,,,,,,,,,
1115,41883,1115,25938,,,,,,,,,,,,,,,,
1116,122766,1116,1566,,,,,,,,,,,,,,,,
1117,140371,1117,157,,,,,,,,,,,,,,,,
1118,23526,1118,1378,,,,,,,,,,,,,,,,
1119,4856,1119,85708,,,,,,,,,,,,,,,,
1120,52941,1120,202804,,,,,,,,,,,,,,,,
1121,251,1121,5451,,,,,,,,,,,,,,,,
1122,13220,1122,19579,,,,,,,,,,,,,,,,
1123,86553,1123,6046,,,,,,,,,,,,,,,,
1124,6484,1124,100117,,,,,,,,,,,,,,,,
1125,12844,1125,9930,,,,,,,,,,,,,,,,
1126,18169,1126,3321,,,,,,,,,,,,,,,,
1127,38312,1127,4668,,,,,,,,,,,,,,,,
1128,260005,1128,2068,,,,,,,,,,,,,,,,
1129,21709,1129,1723,,,,,,,,,,,,,,,,
1130,6203,1130,49526,,,,,,,,,,,,,,,,
1131,59363,1131,13407,,,,,,,,,,,,,,,,
1132,20080,1132,51625,,,,,,,,,,,,,,,,
1133,5513,1133,10745,,,,,,,,,,,,,,,,
1134,2600,1134,1378,,,,,,,,,,,,,,,,
1135,37998,1135,75903,,,,,,,,,,,,,,,,
1136,18357,1136,111426,,,,,,,,,,,,,,,,
1137,3665,1137,59519,,,,,,,,,,,,,,,,
1138,20581,1138,36056,,,,,,,,,,,,,,,,
1139,6077,1139,24747,,,,,,,,,,,,,,,,
1140,109296,1140,147138,,,,,,,,,,,,,,,,
1141,1441,1141,48336,,,,,,,,,,,,,,,,
1142,465690,1142,1817,,,,,,,,,,,,,,,,
1143,7988,1143,54632,,,,,,,,,,,,,,,,
1144,51844,1144,14159,,,,,,,,,,,,,,,,
1145,5795,1145,6892,,,,,,,,,,,,,,,,
1146,16101,1146,83922,,,,,,,,,,,,,,,,
1147,3665,1147,7080,,,,,,,,,,,,,,,,
1148,7111,1148,3978,,,,,,,,,,,,,,,,
1149,3665,1149,25217,,,,,,,,,,,,,,,,
1150,15068,1150,105756,,,,,,,,,,,,,,,,
1151,16979,1151,63873,,,,,,,,,,,,,,,,
1152,27629,1152,50059,,,,,,,,,,,,,,,,
1153,7769,1153,14535,,,,,,,,,,,,,,,,
1154,47803,1154,64061,,,,,,,,,,,,,,,,
1155,9805,1155,20644,,,,,,,,,,,,,,,,
1156,13564,1156,87305,,,,,,,,,,,,,,,,
1157,14754,1157,1378,,,,,,,,,,,,,,,,
1158,27567,1158,3508,,,,,,,,,,,,,,,,
1159,3790,1159,2099,,,,,,,,,,,,,,,,
1160,186890,1160,7236,,,,,,,,,,,,,,,,
1161,23306,1161,3602,,,,,,,,,,,,,,,,
1162,12186,1162,18702,,,,,,,,,,,,,,,,
1163,533,1163,16885,,,,,,,,,,,,,,,,
1164,16571,1164,14942,,,,,,,,,,,,,,,,
1165,9178,1165,7424,,,,,,,,,,,,,,,,
1166,51030,1166,44357,,,,,,,,,,,,,,,,
1167,43794,1167,139369,,,,,,,,,,,,,,,,
1168,30198,1168,63,,,,,,,,,,,,,,,,
1169,6265,1169,4605,,,,,,,,,,,,,,,,
1170,33237,1170,141280,,,,,,,,,,,,,,,,
1171,4981,1171,67883,,,,,,,,,,,,,,,,
1172,2475,1172,5733,,,,,,,,,,,,,,,,
1173,9178,1173,27379,,,,,,,,,,,,,,,,
1174,36965,1174,26032,,,,,,,,,,,,,,,,
1175,2036,1175,51688,,,,,,,,,,,,,,,,
1176,15757,1176,12374,,,,,,,,,,,,,,,,
1177,24841,1177,4856,,,,,,,,,,,,,,,,
1178,29760,1178,127340,,,,,,,,,,,,,,,,
1179,18232,1179,146730,,,,,,,,,,,,,,,,
1180,61837,1180,21897,,,,,,,,,,,,,,,,
1181,155502,1181,173483,,,,,,,,,,,,,,,,
1182,51343,1182,7268,,,,,,,,,,,,,,,,
1183,201175,1183,23808,,,,,,,,,,,,,,,,
1184,9492,1184,8176,,,,,,,,,,,,,,,,
1185,3477,1185,50403,,,,,,,,,,,,,,,,
1186,18169,1186,40567,,,,,,,,,,,,,,,,
1187,81635,1187,3070,,,,,,,,,,,,,,,,
1188,8740,1188,53191,,,,,,,,,,,,,,,,
1189,94,1189,52690,,,,,,,,,,,,,,,,
1190,1410,1190,1002,,,,,,,,,,,,,,,,
1191,19923,1191,15851,,,,,,,,,,,,,,,,
1192,5576,1192,58830,,,,,,,,,,,,,,,,
1193,99366,1193,207001,,,,,,,,,,,,,,,,
1194,13470,1194,203462,,,,,,,,,,,,,,,,
1195,10118,1195,23181,,,,,,,,,,,,,,,,
1196,132884,1196,2945,,,,,,,,,,,,,,,,
1197,3258,1197,5921,,,,,,,,,,,,,,,,
1198,49432,1198,41037,,,,,,,,,,,,,,,,
1199,185950,1199,222570,,,,,,,,,,,,,,,,
1200,43950,1200,21865,,,,,,,,,,,,,,,,
1201,213360,1201,28507,,,,,,,,,,,,,,,,
1202,80570,1202,22210,,,,,,,,,,,,,,,,
1203,80069,1203,97267,,,,,,,,,,,,,,,,
1204,69825,1204,92004,,,,,,,,,,,,,,,,
1205,564,1205,149393,,,,,,,,,,,,,,,,
1206,23808,1206,12499,,,,,,,,,,,,,,,,
1207,97423,1207,15224,,,,,,,,,,,,,,,,
1208,74931,1208,10463,,,,,,,,,,,,,,,,
1209,9053,1209,156003,,,,,,,,,,,,,,,,
1210,11121,1210,564,,,,,,,,,,,,,,,,
1211,188362,1211,59895,,,,,,,,,,,,,,,,
1212,37560,1212,172261,,,,,,,,,,,,,,,,
1213,46112,1213,82700,,,,,,,,,,,,,,,,
1214,89937,1214,17793,,,,,,,,,,,,,,,,
1215,34051,1215,11998,,,,,,,,,,,,,,,,
1216,3571,1216,135954,,,,,,,,,,,,,,,,
1217,12812,1217,33863,,,,,,,,,,,,,,,,
1218,23118,1218,3133,,,,,,,,,,,,,,,,
1219,1472,1219,60991,,,,,,,,,,,,,,,,
1220,59832,1220,82293,,,,,,,,,,,,,,,,
1221,61211,1221,131851,,,,,,,,,,,,,,,,
1222,89028,1222,79662,,,,,,,,,,,,,,,,
1223,3007,1223,55917,,,,,,,,,,,,,,,,
1224,43355,1224,10056,,,,,,,,,,,,,,,,
1225,50623,1225,90688,,,,,,,,,,,,,,,,
1226,46801,1226,87462,,,,,,,,,,,,,,,,
1227,971,1227,163458,,,,,,,,,,,,,,,,
1228,14974,1228,148297,,,,,,,,,,,,,,,,
1229,31796,1229,2005,,,,,,,,,,,,,,,,
1230,22931,1230,179779,,,,,,,,,,,,,,,,
1231,91096,1231,41413,,,,,,,,,,,,,,,,
1232,75527,1232,164085,,,,,,,,,,,,,,,,
1233,5106,1233,120887,,,,,,,,,,,,,,,,
1234,93382,1234,62526,,,,,,,,,,,,,,,,
1235,32610,1235,141436,,,,,,,,,,,,,,,,
1236,12154,1236,77594,,,,,,,,,,,,,,,,
1237,74023,1237,88558,,,,,,,,,,,,,,,,
1238,26314,1238,58548,,,,,,,,,,,,,,,,
1239,13282,1239,72707,,,,,,,,,,,,,,,,
1240,296311,1240,17323,,,,,,,,,,,,,,,,
1241,144162,1241,28663,,,,,,,,,,,,,,,,
1242,13658,1242,21615,,,,,,,,,,,,,,,,
1243,5043,1243,5952,,,,,,,,,,,,,,,,
1244,16697,1244,202960,,,,,,,,,,,,,,,,
1245,17229,1245,31,,,,,,,,,,,,,,,,
1246,27880,1246,18420,,,,,,,,,,,,,,,,
1247,83108,1247,107416,,,,,,,,,,,,,,,,
1248,33456,1248,219,,,,,,,,,,,,,,,,
1249,4636,1249,7675,,,,,,,,,,,,,,,,
1250,38374,1250,1692,,,,,,,,,,,,,,,,
1251,17887,1251,34960,,,,,,,,,,,,,,,,
1252,52220,1252,52659,,,,,,,,,,,,,,,,
1253,15005,1253,17730,,,,,,,,,,,,,,,,
1254,30073,1254,43637,,,,,,,,,,,,,,,,
1255,94,1255,26126,,,,,,,,,,,,,,,,
1256,30887,1256,60020,,,,,,,,,,,,,,,,
1257,47396,1257,24998,,,,,,,,,,,,,,,,
1258,90406,1258,2349,,,,,,,,,,,,,,,,
1259,39878,1259,6171,,,,,,,,,,,,,,,,
1260,8113,1260,8427,,,,,,,,,,,,,,,,
1261,86898,1261,2694,,,,,,,,,,,,,,,,
1262,3352,1262,27410,,,,,,,,,,,,,,,,
1263,18044,1263,5169,,,,,,,,,,,,,,,,
1264,7048,1264,1880,,,,,,,,,,,,,,,,
1265,16446,1265,21051,,,,,,,,,,,,,,,,
1266,5294,1266,3227,,,,,,,,,,,,,,,,
1267,8082,1267,49620,,,,,,,,,,,,,,,,
1268,7111,1268,62432,,,,,,,,,,,,,,,,
1269,7831,1269,110674,,,,,,,,,,,,,,,,
1270,25719,1270,4104,,,,,,,,,,,,,,,,
1271,49933,1271,15569,,,,,,,,,,,,,,,,
1272,752,1272,13846,,,,,,,,,,,,,,,,
1273,43794,1273,5858,,,,,,,,,,,,,,,,
1274,22993,1274,3039,,,,,,,,,,,,,,,,
1275,40128,1275,13282,,,,,,,,,,,,,,,,
1276,17918,1276,7550,,,,,,,,,,,,,,,,
1277,39001,1277,13470,,,,,,,,,,,,,,,,
1278,53317,1278,6672,,,,,,,,,,,,,,,,
1279,2663,1279,35148,,,,,,,,,,,,,,,,
1280,26376,1280,564,,,,,,,,,,,,,,,,
1281,7017,1281,19829,,,,,,,,,,,,,,,,
1282,38687,1282,34803,,,,,,,,,,,,,,,,
1283,95168,1283,12718,,,,,,,,,,,,,,,,
1284,42541,1284,4699,,,,,,,,,,,,,,,,
1285,4918,1285,123173,,,,,,,,,,,,,,,,
1286,20174,1286,13376,,,,,,,,,,,,,,,,
1287,28225,1287,41569,,,,,,,,,,,,,,,,
1288,4135,1288,846,,,,,,,,,,,,,,,,
1289,62871,1289,5545,,,,,,,,,,,,,,,,
1290,51907,1290,783,,,,,,,,,,,,,,,,
1291,18482,1291,7988,,,,,,,,,,,,,,,,
1292,72582,1292,10087,,,,,,,,,,,,,,,,
1293,27222,1293,47208,,,,,,,,,,,,,,,,
1294,169536,1294,49996,,,,,,,,,,,,,,,,
1295,26094,1295,4856,,,,,,,,,,,,,,,,
1296,53818,1296,6672,,,,,,,,,,,,,,,,
1297,127465,1297,80445,,,,,,,,,,,,,,,,
1298,2036,1298,5889,,,,,,,,,,,,,,,,
1299,7330,1299,6390,,,,,,,,,,,,,,,,
1300,32986,1300,97987,,,,,,,,,,,,,,,,
1301,17918,1301,110674,,,,,,,,,,,,,,,,
1302,10212,1302,14347,,,,,,,,,,,,,,,,
1303,94761,1303,20863,,,,,,,,,,,,,,,,
1304,62244,1304,46895,,,,,,,,,,,,,,,,
1305,208442,1305,24935,,,,,,,,,,,,,,,,
1306,3227,1306,56731,,,,,,,,,,,,,,,,
1307,13689,1307,49839,,,,,,,,,,,,,,,,
1308,28569,1308,19641,,,,,,,,,,,,,,,,
1309,161735,1309,26251,,,,,,,,,,,,,,,,
1310,13815,1310,4229,,,,,,,,,,,,,,,,
1311,75276,1311,32109,,,,,,,,,,,,,,,,
1312,19485,1312,54100,,,,,,,,,,,,,,,,
1313,4699,1313,51092,,,,,,,,,,,,,,,,
1314,44107,1314,26940,,,,,,,,,,,,,,,,
1315,26658,1315,2757,,,,,,,,,,,,,,,,
1316,26063,1316,34646,,,,,,,,,,,,,,,,
1317,4198,1317,85018,,,,,,,,,,,,,,,,
1318,7424,1318,7518,,,,,,,,,,,,,,,,
1319,22210,1319,25750,,,,,,,,,,,,,,,,
1320,45391,1320,11403,,,,,,,,,,,,,,,,
1321,501,1321,1880,,,,,,,,,,,,,,,,
1322,3759,1322,17824,,,,,,,,,,,,,,,,
1323,215710,1323,34740,,,,,,,,,,,,,,,,
1324,204307,1324,26376,,,,,,,,,,,,,,,,
1325,56825,1325,3822,,,,,,,,,,,,,,,,
1326,79192,1326,9742,,,,,,,,,,,,,,,,
1327,6766,1327,9554,,,,,,,,,,,,,,,,
1328,33895,1328,2882,,,,,,,,,,,,,,,,
1329,345,1329,4229,,,,,,,,,,,,,,,,
1330,10494,1330,8677,,,,,,,,,,,,,,,,
1331,63779,1331,2976,,,,,,,,,,,,,,,,
1332,99052,1332,2224,,,,,,,,,,,,,,,,
1333,3696,1333,689,,,,,,,,,,,,,,,,
1334,1128,,,,,,,,,,,,,,,,,,
1335,14692,,,,,,,,,,,,,,,,,,
1336,10212,,,,,,,,,,,,,,,,,,
1337,3822,,,,,,,,,,,,,,,,,,
1338,2287,,,,,,,,,,,,,,,,,,
1339,3947,,,,,,,,,,,,,,,,,,
1340,19046,,,,,,,,,,,,,,,,,,
1341,88590,,,,,,,,,,,,,,,,,,
1342,16728,,,,,,,,,,,,,,,,,,
1343,39878,,,,,,,,,,,,,,,,,,
1344,1566,,,,,,,,,,,,,,,,,,
1345,8239,,,,,,,,,,,,,,,,,,
1346,251,,,,,,,,,,,,,,,,,,
1347,1786,,,,,,,,,,,,,,,,,,
1348,7456,,,,,,,,,,,,,,,,,,
1349,2819,,,,,,,,,,,,,,,,,,
1350,157,,,,,,,,,,,,,,,,,,
1351,5607,,,,,,,,,,,,,,,,,,
1352,70984,,,,,,,,,,,,,,,,,,
1353,21897,,,,,,,,,,,,,,,,,,
1354,52659,,,,,,,,,,,,,,,,,,
1355,501,,,,,,,,,,,,,,,,,,
1356,6203,,,,,,,,,,,,,,,,,,
1357,16979,,,,,,,,,,,,,,,,,,
1358,940,,,,,,,,,,,,,,,,,,
1359,20330,,,,,,,,,,,,,,,,,,
1360,31075,,,,,,,,,,,,,,,,,,
1361,57107,,,,,,,,,,,,,,,,,,
1362,64688,,,,,,,,,,,,,,,,,,
1363,689,,,,,,,,,,,,,,,,,,
1364,2193,,,,,,,,,,,,,,,,,,
1365,55572,,,,,,,,,,,,,,,,,,
1366,21333,,,,,,,,,,,,,,,,,,
1367,6829,,,,,,,,,,,,,,,,,,
1368,7831,,,,,,,,,,,,,,,,,,
1369,219,,,,,,,,,,,,,,,,,,
1370,34584,,,,,,,,,,,,,,,,,,
1371,10338,,,,,,,,,,,,,,,,,,
1372,41194,,,,,,,,,,,,,,,,,,
1373,34960,,,,,,,,,,,,,,,,,,
1374,21521,,,,,,,,,,,,,,,,,,
1375,42760,,,,,,,,,,,,,,,,,,
1376,46143,,,,,,,,,,,,,,,,,,
1377,5513,,,,,,,,,,,,,,,,,,
1378,16415,,,,,,,,,,,,,,,,,,
1379,8333,,,,,,,,,,,,,,,,,,
1380,38969,,,,,,,,,,,,,,,,,,
1381,26784,,,,,,,,,,,,,,,,,,
1382,11434,,,,,,,,,,,,,,,,,,
1383,11622,,,,,,,,,,,,,,,,,,
1384,2412,,,,,,,,,,,,,,,,,,
1385,4981,,,,,,,,,,,,,,,,,,
1386,2913,,,,,,,,,,,,,,,,,,
1387,5263,,,,,,,,,,,,,,,,,,
1388,564,,,,,,,,,,,,,,,,,,
1389,564,,,,,,,,,,,,,,,,,,
