tamanho_medio,imagem
117.34736463251728,Imagem_1
72.28455424021735,Imagem_1
89.3701944952772,Imagem_1
129.15875702065307,Imagem_1
260.1642062200741,Imagem_1
200.56046970218097,Imagem_1
174.27797058082564,Imagem_1
13.762063154896342,Imagem_1
104.49241941823526,Imagem_1
38.802136044930954,Imagem_1
95.9354577261094,Imagem_1
244.7607616410492,Imagem_1
111.82203387060106,Imagem_1
77.02582663353685,Imagem_1
265.08085993660563,Imagem_1
32.3561619426422,Imagem_1
159.11346614134825,Imagem_1
58.905823729827446,Imagem_1
42.246461767022744,Imagem_1
83.96195000899165,Imagem_1
146.35038647552287,Imagem_1
11.821084554078958,Imagem_1
50.6232445983631,Imagem_1
151.67048877291973,Imagem_1
93.45983943261083,Imagem_1
292.1892044431602,Imagem_1
272.95757935873723,Imagem_1
152.68600480758158,Imagem_1
99.45591844209824,Imagem_1
157.47561177185685,Imagem_1
133.07580741004426,Imagem_1
208.7455713524094,Imagem_1
51.30714140097798,Imagem_1
125.87498244119261,Imagem_1
28.59612032437544,Imagem_1
109.88814240976268,Imagem_1
45.09989104991743,Imagem_1
51.21088900095614,Imagem_1
67.65336542579922,Imagem_1
89.3701944952772,Imagem_1
90.25799087671825,Imagem_1
88.47348987773454,Imagem_1
136.58865523577774,Imagem_1
89.14731026986009,Imagem_1
64.40663348403766,Imagem_1
257.3316870737937,Imagem_1
160.76631434621262,Imagem_1
82.16274135023632,Imagem_1
79.76052523190428,Imagem_1
205.5927279510284,Imagem_1
93.08615214786327,Imagem_1
78.30861994270316,Imagem_1
77.99092008103287,Imagem_1
126.90002148118081,Imagem_1
132.21069960444459,Imagem_1
177.5091423936622,Imagem_1
206.82608390739128,Imagem_1
263.98767630617607,Imagem_1
293.0241233557725,Imagem_1
218.97970479942504,Imagem_1
85.25985497747007,Imagem_1
81.6750897443872,Imagem_1
136.62477207882125,Imagem_1
89.64935201246315,Imagem_1
131.53000537553788,Imagem_1
25.0667851015403,Imagem_1
243.78082855361308,Imagem_1
163.4417396759961,Imagem_1
100.40355618921399,Imagem_1
32.3561619426422,Imagem_1
27.163253048448134,Imagem_1
88.30423139263668,Imagem_1
147.43602723720912,Imagem_1
286.7293393137888,Imagem_1
153.01191802757182,Imagem_1
189.3324751395644,Imagem_1
166.8227602848269,Imagem_1
193.1910688533712,Imagem_1
17.000746355818674,Imagem_1
154.7618408584601,Imagem_1
152.45755540158243,Imagem_1
116.19429341618066,Imagem_1
224.11041992992642,Imagem_1
167.836681591721,Imagem_1
238.84284844313015,Imagem_1
176.55167969902666,Imagem_1
213.58581331239242,Imagem_1
118.9503793636476,Imagem_1
164.202432714007,Imagem_1
12.231338704589191,Imagem_1
139.47811768838415,Imagem_1
98.09275992370594,Imagem_1
259.1270612473701,Imagem_1
112.62190743707686,Imagem_1
79.32232674471287,Imagem_1
59.998054158884926,Imagem_1
220.092518703693,Imagem_1
273.0123829768214,Imagem_1
101.29363687442715,Imagem_1
190.88043671897756,Imagem_1
84.200451869165,Imagem_1
51.8870409383933,Imagem_1
72.76514719823753,Imagem_1
224.7989306483739,Imagem_1
271.5838947670672,Imagem_1
43.86914145350007,Imagem_1
22.326515217646847,Imagem_1
56.221145219615025,Imagem_1
4.478115991081385,Imagem_1
170.48890655075726,Imagem_1
177.76180416849192,Imagem_1
15.471555655790098,Imagem_1
64.86953595756418,Imagem_1
30.124765318753724,Imagem_1
162.58549904014473,Imagem_1
122.46163471742125,Imagem_1
28.243310265912164,Imagem_1
93.6197773767417,Imagem_1
81.79776162941917,Imagem_1
4.478115991081385,Imagem_1
23.207333483685147,Imagem_1
90.03730438728594,Imagem_1
208.55411234931742,Imagem_1
18.677998695187732,Imagem_1
4.478115991081385,Imagem_1
26.4207036318311,Imagem_1
38.02319690724042,Imagem_1
135.5629114800024,Imagem_1
123.35383046036206,Imagem_1
72.55925521585719,Imagem_1
43.86914145350007,Imagem_1
19.722441048627633,Imagem_1
30.77808020788433,Imagem_1
96.96841773417351,Imagem_1
62.678390337343096,Imagem_1
155.46878431852474,Imagem_1
156.87311407835705,Imagem_1
39.05968874016931,Imagem_1
72.6973110940802,Imagem_1
106.52431240128215,Imagem_1
7.735777827895049,Imagem_1
89.48231773346762,Imagem_1
144.15347480978878,Imagem_1
48.61206223797199,Imagem_1
281.7656772609157,Imagem_1
253.64322253147367,Imagem_1
33.119418288812724,Imagem_1
31.260379885475437,Imagem_1
174.820494828411,Imagem_1
89.09016226269217,Imagem_1
163.2887859474288,Imagem_1
30.124765318753724,Imagem_1
196.7703685406518,Imagem_1
162.0020065179859,Imagem_1
110.88155551690694,Imagem_1
75.71920278200528,Imagem_1
186.06541363458075,Imagem_1
162.12476322766526,Imagem_1
118.48921533164297,Imagem_1
47.57627140343109,Imagem_1
43.29580718425681,Imagem_1
41.17037944844188,Imagem_1
11.382096629215674,Imagem_1
23.207333483685147,Imagem_1
18.411953421235268,Imagem_1
102.46838490802185,Imagem_1
83.96195000899165,Imagem_1
131.71984272014555,Imagem_1
43.756530545685415,Imagem_1
112.88586263780721,Imagem_1
31.8904387921711,Imagem_1
28.243310265912164,Imagem_1
16.41006287957139,Imagem_1
113.67825103901596,Imagem_1
147.74012831791808,Imagem_1
131.1507198596847,Imagem_1
86.93830138341852,Imagem_1
132.88790714622735,Imagem_1
78.43655703917852,Imagem_1
18.948708441878455,Imagem_1
204.5473206122632,Imagem_1
65.93539584698202,Imagem_1
153.76003540066864,Imagem_1
180.10200535193056,Imagem_1
132.24921552226525,Imagem_1
32.8152760914755,Imagem_1
187.95897863035583,Imagem_1
93.99303639648583,Imagem_1
43.98146403132684,Imagem_1
83.12754849725759,Imagem_1
96.3493099127548,Imagem_1
79.44662820496781,Imagem_1
92.00961761111768,Imagem_1
210.3398345781027,Imagem_1
37.62768095093692,Imagem_1
99.05504652270548,Imagem_1
173.70443497830988,Imagem_1
90.75388864949856,Imagem_1
46.30137237110613,Imagem_1
150.34990813840918,Imagem_1
195.1680110319909,Imagem_1
168.04422499090825,Imagem_1
29.790064831759068,Imagem_1
72.00659508717078,Imagem_1
64.79097760484736,Imagem_1
149.35154362849858,Imagem_1
39.44084702158646,Imagem_1
116.36675155792844,Imagem_1
160.14439587393628,Imagem_1
126.30918337721043,Imagem_1
285.94561910230885,Imagem_1
95.41478425664755,Imagem_1
51.597905849377504,Imagem_1
262.68160494692285,Imagem_1
227.57690271929187,Imagem_1
148.41403509787116,Imagem_1
69.39761219206864,Imagem_1
75.98358188188811,Imagem_1
141.3945095519325,Imagem_1
34.44792091974742,Imagem_1
108.5636226170038,Imagem_1
43.413279490200054,Imagem_1
124.35997800790113,Imagem_1
107.13067374119682,Imagem_1
70.53949348290655,Imagem_1
127.6054161379203,Imagem_1
80.87810680942587,Imagem_1
4.478115991081385,Imagem_1
48.817887273601265,Imagem_1
206.51265544946747,Imagem_1
97.27649405931389,Imagem_1
80.62977809356629,Imagem_1
229.3005567148164,Imagem_1
62.43924635979416,Imagem_1
38.28598994248883,Imagem_1
99.00361773822948,Imagem_1
196.41577891166338,Imagem_1
135.92988620355163,Imagem_1
347.2365741210601,Imagem_1
233.73660176632313,Imagem_1
104.77837550982998,Imagem_1
55.68639790112563,Imagem_1
58.13890849840297,Imagem_1
106.05563699394025,Imagem_1
52.55449440739347,Imagem_1
219.50310371833433,Imagem_1
88.24834092136024,Imagem_1
49.52671988868525,Imagem_1
228.0359099934236,Imagem_1
75.52136479593813,Imagem_1
39.44084702158646,Imagem_1
88.81103912097949,Imagem_1
119.32709725229851,Imagem_1
233.05332544143747,Imagem_1
72.55925521585719,Imagem_1
113.634841280383,Imagem_1
64.40663348403766,Imagem_1
182.4121861124864,Imagem_1
72.35277733562563,Imagem_1
57.96893537440789,Imagem_1
76.70073869558767,Imagem_1
40.437085519682704,Imagem_1
167.47975152392493,Imagem_1
42.36684373646916,Imagem_1
31.260379885475437,Imagem_1
107.03703907252469,Imagem_1
67.13381918583428,Imagem_1
103.7740818767866,Imagem_1
25.0667851015403,Imagem_1
151.53821339502855,Imagem_1
41.89083912421949,Imagem_1
82.82641285865914,Imagem_1
151.93259899100758,Imagem_1
53.86754980924449,Imagem_1
53.86754980924449,Imagem_1
40.437085519682704,Imagem_1
209.41315939889506,Imagem_1
232.6247454607427,Imagem_1
50.52253929987899,Imagem_1
83.06817508945417,Imagem_1
161.9096321611295,Imagem_1
83.90316706084887,Imagem_1
73.78598981708896,Imagem_1
183.50217418255474,Imagem_1
208.14772859284807,Imagem_1
172.14717657780773,Imagem_1
8.938444016277748,Imagem_1
39.818356860642325,Imagem_1
29.62398278774667,Imagem_1
94.52154191191887,Imagem_1
32.20331674201883,Imagem_1
66.08729036908528,Imagem_1
128.1120382766921,Imagem_1
8.349243383340204,Imagem_1
169.6382137678058,Imagem_1
49.52671988868525,Imagem_1
28.59612032437544,Imagem_1
34.59084939929734,Imagem_1
65.25115353458807,Imagem_1
39.44084702158646,Imagem_1
131.8333724650976,Imagem_1
32.049742631027364,Imagem_1
45.97712424833195,Imagem_1
12.231338704589191,Imagem_1
62.520759770950875,Imagem_1
43.98146403132684,Imagem_1
38.156905265032414,Imagem_1
140.61682623303264,Imagem_1
32.049742631027364,Imagem_1
46.72906824687182,Imagem_1
62.83815829661085,Imagem_1
62.11980964399436,Imagem_1
34.87951239616815,Imagem_1
37.762789755305185,Imagem_1
18.948708441878455,Imagem_1
29.451560906865865,Imagem_1
99.40629812385933,Imagem_1
107.50291641474146,Imagem_1
101.88270406920604,Imagem_1
63.78337287502934,Imagem_1
51.98204135866732,Imagem_1
24.049304838101822,Imagem_1
88.47348987773454,Imagem_1
56.84052554969452,Imagem_1
41.89083912421949,Imagem_1
35.44529758328207,Imagem_1
13.398760233979036,Imagem_1
33.119418288812724,Imagem_1
46.62336552362031,Imagem_1
37.8932170259412,Imagem_1
354.9617944056439,Imagem_1
29.955226074127797,Imagem_1
148.41403509787116,Imagem_1
145.2215658888888,Imagem_1
187.87936693119147,Imagem_1
31.57950084174568,Imagem_1
138.36569811340624,Imagem_1
21.880083839428522,Imagem_1
50.6232445983631,Imagem_1
19.722441048627633,Imagem_1
15.138795132120961,Imagem_1
77.8622507525725,Imagem_1
32.66457926390705,Imagem_1
33.2680548613988,Imagem_1
60.9873021214875,Imagem_1
56.221145219615025,Imagem_1
51.8870409383933,Imagem_1
72.21406279492273,Imagem_1
242.73597072137986,Imagem_1
147.63883088840015,Imagem_1
42.246461767022744,Imagem_1
98.90389836762792,Imagem_1
184.50552132036012,Imagem_1
101.1961741287926,Imagem_1
40.562837692696185,Imagem_1
97.88973804069983,Imagem_1
48.61206223797199,Imagem_1
91.6282792481866,Imagem_1
270.812175495338,Imagem_1
69.32648102629366,Imagem_1
24.253590861306396,Imagem_1
337.4499918406807,Imagem_1
246.91014410355174,Imagem_1
202.90833454651982,Imagem_1
143.98003211419822,Imagem_1
57.275664003223454,Imagem_1
28.939131129830994,Imagem_1
141.88779148138929,Imagem_1
79.38450180398368,Imagem_1
64.40663348403766,Imagem_1
60.74150056391691,Imagem_1
89.53743794315845,Imagem_1
82.40451930542892,Imagem_1
7.069275219628611,Imagem_1
78.62706028754721,Imagem_1
72.6973110940802,Imagem_1
73.98846817301215,Imagem_1
49.62623892059511,Imagem_1
104.53962560841742,Imagem_1
4.478115991081385,Imagem_1
145.15360135483195,Imagem_1
59.24527926298145,Imagem_1
85.89960111447813,Imagem_1
24.663539739810748,Imagem_1
29.283559096857267,Imagem_1
26.791580642889436,Imagem_1
114.72625590378057,Imagem_1
89.25793041121948,Imagem_1
78.56428579825496,Imagem_1
60.74150056391691,Imagem_1
27.529908082004297,Imagem_1
53.40166917167085,Imagem_1
57.450458743509834,Imagem_1
38.28598994248883,Imagem_1
42.94887414630408,Imagem_1
64.25076586249834,Imagem_1
33.119418288812724,Imagem_1
69.32648102629366,Imagem_1
35.44529758328207,Imagem_1
35.16127981086358,Imagem_1
38.93316938045516,Imagem_1
77.08985390472193,Imagem_1
84.79001762794425,Imagem_1
25.45739437315213,Imagem_1
31.260379885475437,Imagem_1
96.3493099127548,Imagem_1
140.90063023735212,Imagem_1
33.7147534999489,Imagem_1
32.97011163641466,Imagem_1
130.04416920053976,Imagem_1
60.65759618051507,Imagem_1
31.735350634355903,Imagem_1
131.11309512494088,Imagem_1
203.79040082931172,Imagem_1
77.8622507525725,Imagem_1
94.78552915681534,Imagem_1
235.9870889207397,Imagem_1
95.04710873973055,Imagem_1
28.068077388821663,Imagem_1
18.948708441878455,Imagem_1
124.48022035418691,Imagem_1
40.314889046783144,Imagem_1
67.57804330608312,Imagem_1
316.15263301224,Imagem_1
67.79906390489562,Imagem_1
78.1173401238768,Imagem_1
167.2115539746336,Imagem_1
9.474354220939228,Imagem_1
96.91752386125782,Imagem_1
161.87817354478145,Imagem_1
52.744937247534295,Imagem_1
40.68428945128219,Imagem_1
225.30881174199766,Imagem_1
267.3657470390042,Imagem_1
115.76477369264778,Imagem_1
138.97628313442567,Imagem_1
106.14863800884976,Imagem_1
104.01458898395389,Imagem_1
57.275664003223454,Imagem_1
64.9455487452482,Imagem_1
200.95764543837967,Imagem_1
138.54502068517274,Imagem_1
178.51675236532444,Imagem_1
247.5956770422748,Imagem_1
129.6593098809218,Imagem_1
51.69343763489639,Imagem_1
86.07358828890386,Imagem_1
132.51250835799922,Imagem_1
176.35324615551386,Imagem_1
104.44366806809548,Imagem_1
29.11458787115893,Imagem_1
232.98912285772334,Imagem_1
14.472315126092793,Imagem_1
117.1777079927065,Imagem_1
79.8223589712866,Imagem_1
108.14941871236937,Imagem_1
250.97623420827242,Imagem_1
128.19027995225767,Imagem_1
9.981532666656284,Imagem_1
55.8661653779107,Imagem_1
139.8700965708609,Imagem_1
32.513183972296055,Imagem_1
158.9253058795591,Imagem_1
25.262844689355557,Imagem_1
181.75575621644654,Imagem_1
324.0339756359993,Imagem_1
64.40663348403766,Imagem_1
30.450561545780765,Imagem_1
128.5399208889675,Imagem_1
235.90277107637402,Imagem_1
25.0667851015403,Imagem_1
83.30732529895069,Imagem_1
124.80072532184684,Imagem_1
147.6733229207344,Imagem_1
36.6896785032419,Imagem_1
154.60029991487232,Imagem_1
106.85101308663481,Imagem_1
279.0092903023016,Imagem_1
35.58422019995829,Imagem_1
92.11680056258734,Imagem_1
321.0972390474659,Imagem_1
150.28320383329103,Imagem_1
120.9459830650696,Imagem_1
25.45739437315213,Imagem_1
126.23103656579224,Imagem_1
161.44696757773397,Imagem_1
55.50891548444353,Imagem_1
143.04292290700806,Imagem_1
74.25686606881418,Imagem_1
233.8645788995659,Imagem_1
20.706603214664785,Imagem_1
17.58063990543179,Imagem_1
99.75631294190784,Imagem_1
104.5868104916666,Imagem_1
389.85010330419095,Imagem_1
106.71090791638373,Imagem_1
99.30538043761788,Imagem_1
162.4630904616797,Imagem_1
50.225549753153935,Imagem_1
124.56074334338452,Imagem_1
121.480380898534,Imagem_1
27.34428500885924,Imagem_1
63.075789867517315,Imagem_1
34.87951239616815,Imagem_1
80.5685640243516,Imagem_1
12.231338704589191,Imagem_1
43.29580718425681,Imagem_1
31.8904387921711,Imagem_1
74.99266010147403,Imagem_1
105.86638320322118,Imagem_1
58.82200662012309,Imagem_1
154.30971889633085,Imagem_1
71.31142083616228,Imagem_1
178.29372788608305,Imagem_1
177.31178037111073,Imagem_1
200.0376317147614,Imagem_1
259.3388724843071,Imagem_1
156.71476502996313,Imagem_1
53.21656750841025,Imagem_1
169.37437377689145,Imagem_1
180.54419288574448,Imagem_1
190.93212494227103,Imagem_1
31.8904387921711,Imagem_1
38.28598994248883,Imagem_1
79.76052523190428,Imagem_1
238.9680909892168,Imagem_1
7.735777827895049,Imagem_1
189.62226412846985,Imagem_1
7.069275219628611,Imagem_1
19.46249635988947,Imagem_1
42.01224010796282,Imagem_1
37.227963205690216,Imagem_1
21.880083839428522,Imagem_1
210.9789946275579,Imagem_1
78.68978469873507,Imagem_1
106.5706185542603,Imagem_1
25.0667851015403,Imagem_1
91.68384522009067,Imagem_1
180.70984434547958,Imagem_1
140.5466349896272,Imagem_1
41.293898584252936,Imagem_1
24.253590861306396,Imagem_1
140.68811372209265,Imagem_1
51.8870409383933,Imagem_1
134.9722616172327,Imagem_1
42.36684373646916,Imagem_1
110.83561448149703,Imagem_1
28.417462611012212,Imagem_1
24.663539739810748,Imagem_1
49.827874851668795,Imagem_1
3.141274657157109,Imagem_1
27.529908082004297,Imagem_1
247.83725266236215,Imagem_1
85.02432490246582,Imagem_1
39.44084702158646,Imagem_1
73.85282594294719,Imagem_1
145.42745771629035,Imagem_1
222.5032393647866,Imagem_1
89.3701944952772,Imagem_1
122.05417233051719,Imagem_1
158.9573488872701,Imagem_1
128.96638388694717,Imagem_1
134.75039572286295,Imagem_1
226.54442431663884,Imagem_1
160.4244087342442,Imagem_1
68.01936632813774,Imagem_1
38.28598994248883,Imagem_1
38.802136044930954,Imagem_1
162.30921449575519,Imagem_1
22.553474191833452,Imagem_1
62.11980964399436,Imagem_1
3.141274657157109,Imagem_1
198.28514952373376,Imagem_1
110.97051214981532,Imagem_1
61.95818934875773,Imagem_1
103.53301607332394,Imagem_1
28.068077388821663,Imagem_1
143.2863833686038,Imagem_1
94.62756156763322,Imagem_1
54.601194071168294,Imagem_1
88.6980673234686,Imagem_1
22.553474191833452,Imagem_1
26.791580642889436,Imagem_1
12.628271971179554,Imagem_1
27.70854462932514,Imagem_1
109.79685933321912,Imagem_1
109.7055003024421,Imagem_1
52.55449440739347,Imagem_1
86.99503350137758,Imagem_1
123.27381018002303,Imagem_1
119.53631578223566,Imagem_1
17.000746355818674,Imagem_1
94.67968638893939,Imagem_1
197.52921107683463,Imagem_1
33.7147534999489,Imagem_1
131.8333724650976,Imagem_1
30.124765318753724,Imagem_1
9.474354220939228,Imagem_1
114.9867646831682,Imagem_1
183.4483925162095,Imagem_1
82.3446245694709,Imagem_1
99.00361773822948,Imagem_1
36.00219238519226,Imagem_1
7.069275219628611,Imagem_1
41.17037944844188,Imagem_1
65.93539584698202,Imagem_1
22.326515217646847,Imagem_1
130.9223779997558,Imagem_1
32.049742631027364,Imagem_1
13.762063154896342,Imagem_1
78.24558997706535,Imagem_1
72.28455424021735,Imagem_1
113.28274966377585,Imagem_1
243.0845374381109,Imagem_1
413.88103401841016,Imagem_1
177.14384976525895,Imagem_1
292.6839163323942,Imagem_1
8.349243383340204,Imagem_1
99.15461388437122,Imagem_1
69.97088222534344,Imagem_1
64.40663348403766,Imagem_1
29.11458787115893,Imagem_1
48.201077366128324,Imagem_1
180.82078113155748,Imagem_1
107.6419907237699,Imagem_1
78.05415569691183,Imagem_1
49.327079479621496,Imagem_1
86.1900001378194,Imagem_1
57.450458743509834,Imagem_1
83.4867149776925,Imagem_1
221.53764490743768,Imagem_1
12.231338704589191,Imagem_1
116.70817597619538,Imagem_1
144.87812880088333,Imagem_1
152.1953035333037,Imagem_1
269.37201976947154,Imagem_1
66.7629638065269,Imagem_1
47.78655797902287,Imagem_1
64.17393012311062,Imagem_1
17.859073490978144,Imagem_1
311.96163963191395,Imagem_1
130.19706094544372,Imagem_1
76.2449568914205,Imagem_1
17.297725082009,Imagem_1
81.91830699255615,Imagem_1
138.36569811340624,Imagem_1
84.84818616693461,Imagem_1
86.24722447840861,Imagem_1
124.8810416503988,Imagem_1
70.32708590240135,Imagem_1
101.73575703336628,Imagem_1
200.9821953970282,Imagem_1
132.73811483493114,Imagem_1
241.56210386839723,Imagem_1
40.80537972654352,Imagem_1
82.52610692858585,Imagem_1
138.65296205258733,Imagem_1
126.23103656579224,Imagem_1
57.624723276292656,Imagem_1
49.926793595275726,Imagem_1
105.25273853375249,Imagem_1
29.790064831759068,Imagem_1
380.20308641899663,Imagem_1
58.73806990654449,Imagem_1
45.54236728995958,Imagem_1
42.94887414630408,Imagem_1
104.20567862297061,Imagem_1
58.22644242733326,Imagem_1
45.32166916105365,Imagem_1
128.50153172499668,Imagem_1
70.60940268333044,Imagem_1
38.28598994248883,Imagem_1
70.32708590240135,Imagem_1
45.09989104991743,Imagem_1
91.19300459156786,Imagem_1
125.83451548844883,Imagem_1
161.1687313102081,Imagem_1
48.303327687926284,Imagem_1
284.70506826702245,Imagem_1
70.32708590240135,Imagem_1
67.35629746191196,Imagem_1
35.58422019995829,Imagem_1
47.4724551101082,Imagem_1
38.156905265032414,Imagem_1
57.53627391751592,Imagem_1
74.05512155861017,Imagem_1
27.70854462932514,Imagem_1
25.45739437315213,Imagem_1
60.903736368959436,Imagem_1
35.30582833323309,Imagem_1
35.44529758328207,Imagem_1
123.39511094691566,Imagem_1
32.513183972296055,Imagem_1
51.01471973302091,Imagem_1
81.18450901078093,Imagem_1
217.90722558368915,Imagem_1
30.77808020788433,Imagem_1
41.293898584252936,Imagem_1
50.72061218220258,Imagem_1
39.44084702158646,Imagem_1
42.94887414630408,Imagem_1
124.68079207142448,Imagem_1
107.87239920026269,Imagem_1
32.20331674201883,Imagem_1
159.70850885184393,Imagem_1
6.3078313050504,Imagem_1
23.418965260973238,Imagem_1
182.95842681050144,Imagem_1
75.58877202997176,Imagem_1
59.328498391754,Imagem_1
41.53217154483933,Imagem_1
4.478115991081385,Imagem_1
91.46485898246598,Imagem_1
142.41401271634962,Imagem_1
150.34990813840918,Imagem_1
154.27774220344602,Imagem_1
23.84326858306659,Imagem_1
152.62032152132053,Imagem_1
22.98683125324351,Imagem_1
58.482815655924355,Imagem_1
10.479356408358663,Imagem_1
73.98846817301215,Imagem_1
223.0847277945694,Imagem_1
101.04822872769041,Imagem_1
46.40780850158223,Imagem_1
31.417812735070132,Imagem_1
64.25076586249834,Imagem_1
112.97464983929561,Imagem_1
214.79624403818036,Imagem_1
23.207333483685147,Imagem_1
111.32991668111694,Imagem_1
75.12412583210941,Imagem_1
191.76637127195514,Imagem_1
65.09730804545457,Imagem_1
148.31319794519587,Imagem_1
77.8622507525725,Imagem_1
38.02319690724042,Imagem_1
57.01386285552726,Imagem_1
32.513183972296055,Imagem_1
155.7255235307048,Imagem_1
77.08985390472193,Imagem_1
74.8588374626913,Imagem_1
45.54236728995958,Imagem_1
48.303327687926284,Imagem_1
53.86754980924449,Imagem_1
8.938444016277748,Imagem_1
29.283559096857267,Imagem_1
333.03342192955296,Imagem_1
36.00219238519226,Imagem_1
19.722441048627633,Imagem_1
37.364517403575626,Imagem_1
107.36366195493525,Imagem_1
92.22558467538751,Imagem_1
45.430400636750925,Imagem_1
90.36901260903171,Imagem_1
119.28574320591632,Imagem_1
46.72906824687182,Imagem_1
83.06817508945417,Imagem_1
48.5104626710235,Imagem_1
201.74965121678323,Imagem_1
106.52431240128215,Imagem_1
135.96617803623883,Imagem_1
166.79318254226436,Imagem_1
15.471555655790098,Imagem_1
100.552450118045,Imagem_1
107.40960625030384,Imagem_1
182.79481306199872,Imagem_1
39.94207242436425,Imagem_1
115.37642497584213,Imagem_1
264.3088201533773,Imagem_1
128.4234796789152,Imagem_1
194.57916410100233,Imagem_1
187.66662126503252,Imagem_1
39.818356860642325,Imagem_1
8.349243383340204,Imagem_1
131.98419159616856,Imagem_1
223.50952656954615,Imagem_1
109.11344863458548,Imagem_1
120.20151431562101,Imagem_1
157.72908445924838,Imagem_1
104.5868104916666,Imagem_1
16.708015147921802,Imagem_1
88.6424251724132,Imagem_1
86.5934523438785,Imagem_1
26.227231345362622,Imagem_1
19.971036212182124,Imagem_1
208.72193452718892,Imagem_1
78.94421613767811,Imagem_1
266.67493607693575,Imagem_1
167.65831154201152,Imagem_1
33.416030295843605,Imagem_1
40.314889046783144,Imagem_1
128.0349918517013,Imagem_1
154.85847899033686,Imagem_1
51.30714140097798,Imagem_1
241.83011009591655,Imagem_1
134.566016531751,Imagem_1
166.37471566445612,Imagem_1
102.07934381701605,Imagem_1
87.79449808467778,Imagem_1
152.227717660307,Imagem_1
309.2814019419932,Imagem_1
53.58910144003312,Imagem_1
35.864888819968456,Imagem_1
54.23561245366747,Imagem_1
288.72177997746525,Imagem_1
172.32090024809372,Imagem_1
199.43842425079552,Imagem_1
49.728759342676845,Imagem_1
159.58289618258078,Imagem_1
278.5622864533391,Imagem_1
131.79594261224227,Imagem_1
219.97895839648982,Imagem_1
119.16025932703627,Imagem_1
120.98676963225276,Imagem_1
195.1419140364915,Imagem_1
27.529908082004297,Imagem_1
130.5413270452519,Imagem_1
46.08430926701898,Imagem_1
53.02781849697013,Imagem_1
116.10933902809923,Imagem_1
42.94887414630408,Imagem_1
131.9468045267578,Imagem_1
107.2702306585757,Imagem_1
144.74074571133164,Imagem_1
30.124765318753724,Imagem_1
181.34373237392563,Imagem_1
156.77771777692118,Imagem_1
128.57829859122307,Imagem_1
181.97453775008825,Imagem_1
65.09730804545457,Imagem_1
35.44529758328207,Imagem_1
8.938444016277748,Imagem_1
15.138795132120961,Imagem_1
32.513183972296055,Imagem_1
61.55616041576866,Imagem_1
102.51652311764293,Imagem_1
128.4234796789152,Imagem_1
323.51045939456986,Imagem_1
293.29611337588,Imagem_1
46.837930521946475,Imagem_1
91.90057785517193,Imagem_1
20.94351983696302,Imagem_1
20.706603214664785,Imagem_1
174.8487146607666,Imagem_1
7.069275219628611,Imagem_1
13.02532799341193,Imagem_1
21.646065519224038,Imagem_1
107.2702306585757,Imagem_1
76.44092216003052,Imagem_1
192.36300129927704,Imagem_1
154.37468338006147,Imagem_1
35.864888819968456,Imagem_1
271.492459480194,Imagem_1
28.76813695875796,Imagem_1
140.1202058580503,Imagem_1
105.20585232002433,Imagem_1
7.735777827895049,Imagem_1
58.22644242733326,Imagem_1
16.096715421277896,Imagem_1
41.05036586264473,Imagem_1
123.31382681099493,Imagem_1
122.33940840286027,Imagem_1
182.9314580232222,Imagem_1
181.64539045115677,Imagem_1
22.98683125324351,Imagem_1
22.98683125324351,Imagem_1
68.74783771186497,Imagem_1
47.99260710178089,Imagem_1
21.185300080932176,Imagem_1
174.1921063092982,Imagem_1
35.864888819968456,Imagem_1
297.0462175820546,Imagem_1
122.01374257359656,Imagem_1
33.568094927931476,Imagem_1
44.09710982249038,Imagem_1
39.44084702158646,Imagem_1
197.04921934977907,Imagem_1
155.91652454960783,Imagem_1
27.34428500885924,Imagem_1
36.00219238519226,Imagem_1
107.78088557938945,Imagem_1
183.3121328899165,Imagem_1
143.46066468194462,Imagem_1
94.2568153147335,Imagem_1
146.79232863202256,Imagem_1
199.26358222857996,Imagem_1
55.95441037580295,Imagem_1
55.68639790112563,Imagem_1
12.628271971179554,Imagem_1
48.201077366128324,Imagem_1
34.15561056200859,Imagem_1
44.32031484139268,Imagem_1
80.50730341077352,Imagem_1
38.02319690724042,Imagem_1
90.86430447560342,Imagem_1
53.77588042961025,Imagem_1
194.19434970085618,Imagem_1
181.17866047827877,Imagem_1
171.59620048658292,Imagem_1
144.5338756502081,Imagem_1
43.52677845379694,Imagem_1
129.69858347397164,Imagem_1
73.85282594294719,Imagem_1
44.20885319897447,Imagem_1
23.418965260973238,Imagem_1
128.1120382766921,Imagem_1
17.297725082009,Imagem_1
133.52473566736725,Imagem_1
60.16229480161045,Imagem_1
45.212676198963315,Imagem_1
15.138795132120961,Imagem_1
219.45741960378615,Imagem_1
49.123387985350895,Imagem_1
97.53302491260376,Imagem_1
136.91685114339282,Imagem_1
151.27541983882003,Imagem_1
133.93413917253332,Imagem_1
116.70817597619538,Imagem_1
44.435078755393846,Imagem_1
95.15254280686219,Imagem_1
54.05042215741548,Imagem_1
72.97045824223972,Imagem_1
89.48231773346762,Imagem_1
14.809304898631527,Imagem_1
46.72906824687182,Imagem_1
72.76514719823753,Imagem_1
147.19943023808486,Imagem_1
37.09519696635303,Imagem_1
47.36505122791864,Imagem_1
68.82187956177022,Imagem_1
176.2124033300227,Imagem_1
89.59252424112545,Imagem_1
29.283559096857267,Imagem_1
76.18021951204179,Imagem_1
27.34428500885924,Imagem_1
6.3078313050504,Imagem_1
24.462677409178383,Imagem_1
77.54066958780807,Imagem_1
95.77938671664612,Imagem_1
133.14993702881947,Imagem_1
30.617358063870626,Imagem_1
42.718503923846306,Imagem_1
86.3634022781559,Imagem_1
141.8530146489475,Imagem_1
74.8588374626913,Imagem_1
94.52154191191887,Imagem_1
28.068077388821663,Imagem_1
54.6943901177741,Imagem_1
14.809304898631527,Imagem_1
116.28055445909716,Imagem_1
92.81904642609985,Imagem_1
45.32166916105365,Imagem_1
88.41590634488635,Imagem_1
80.07319175229682,Imagem_1
108.28766271891118,Imagem_1
196.64414965459628,Imagem_1
109.61551707521035,Imagem_1
95.5697853620991,Imagem_1
136.03990257498634,Imagem_1
68.82187956177022,Imagem_1
163.92887336065652,Imagem_1
154.27774220344602,Imagem_1
133.93413917253332,Imagem_1
144.29141705420105,Imagem_1
58.82200662012309,Imagem_1
88.81103912097949,Imagem_1
55.2387415584191,Imagem_1
80.19632940692168,Imagem_1
100.75168619135405,Imagem_1
204.74252648408958,Imagem_1
123.27381018002303,Imagem_1
298.3021376095905,Imagem_1
47.4724551101082,Imagem_1
86.82289286014681,Imagem_1
47.67986165169351,Imagem_1
71.58985596748477,Imagem_1
22.104426599487233,Imagem_1
34.29975713230766,Imagem_1
125.71556848263222,Imagem_1
60.41045311117241,Imagem_1
16.708015147921802,Imagem_1
194.04021025843036,Imagem_1
150.71361410992472,Imagem_1
30.617358063870626,Imagem_1
213.81892021683132,Imagem_1
63.15396166419726,Imagem_1
35.16127981086358,Imagem_1
55.14646545881192,Imagem_1
86.88153222038855,Imagem_1
39.1857996084118,Imagem_1
115.54872641435344,Imagem_1
55.95441037580295,Imagem_1
109.3422120000468,Imagem_1
123.35383046036206,Imagem_1
159.86389255214632,Imagem_1
103.43766337411029,Imagem_1
56.221145219615025,Imagem_1
103.0986034305767,Imagem_1
225.02112906328182,Imagem_1
144.70555467125126,Imagem_1
13.02532799341193,Imagem_1
43.98146403132684,Imagem_1
51.98204135866732,Imagem_1
147.57197963417792,Imagem_1
23.84326858306659,Imagem_1
12.231338704589191,Imagem_1
67.50499485673002,Imagem_1
25.65667251667837,Imagem_1
45.430400636750925,Imagem_1
12.231338704589191,Imagem_1
35.02067948321599,Imagem_1
81.18450901078093,Imagem_1
48.40864986843846,Imagem_1
27.34428500885924,Imagem_1
40.19232106239621,Imagem_1
286.4511141021165,Imagem_1
54.32650609689627,Imagem_1
167.3010009292027,Imagem_1
94.52154191191887,Imagem_1
25.848258183091886,Imagem_1
101.63871824363362,Imagem_1
112.88586263780721,Imagem_1
193.52607371717335,Imagem_1
16.096715421277896,Imagem_1
130.12002596065685,Imagem_1
110.74654949273878,Imagem_1
31.8904387921711,Imagem_1
148.0436047362355,Imagem_1
122.29907293961855,Imagem_1
188.85861822154766,Imagem_1
76.11333607551958,Imagem_1
50.326849338741866,Imagem_1
18.677998695187732,Imagem_1
12.231338704589191,Imagem_1
47.048134378762356,Imagem_1
93.08615214786327,Imagem_1
10.479356408358663,Imagem_1
68.74783771186497,Imagem_1
11.821084554078958,Imagem_1
135.5253373084793,Imagem_1
53.21656750841025,Imagem_1
97.430166918532,Imagem_1
132.77527908614263,Imagem_1
391.9546489684392,Imagem_1
189.3324751395644,Imagem_1
185.47512674056054,Imagem_1
42.59911573182935,Imagem_1
23.84326858306659,Imagem_1
144.29141705420105,Imagem_1
24.663539739810748,Imagem_1
55.05692550559138,Imagem_1
68.89353172023121,Imagem_1
182.52208821946874,Imagem_1
92.22558467538751,Imagem_1
53.40166917167085,Imagem_1
93.45983943261083,Imagem_1
113.45963342548248,Imagem_1
33.2680548613988,Imagem_1
20.94351983696302,Imagem_1
311.49805653515284,Imagem_1
139.47811768838415,Imagem_1
31.735350634355903,Imagem_1
184.61331515757698,Imagem_1
45.32166916105365,Imagem_1
70.67924273624054,Imagem_1
78.30861994270316,Imagem_1
103.870657994448,Imagem_1
137.56973719878752,Imagem_1
91.84687585129295,Imagem_1
94.15206859295438,Imagem_1
62.281010533192806,Imagem_1
59.91310863654637,Imagem_1
202.88323319605425,Imagem_1
148.78247348017626,Imagem_1
212.57971735710484,Imagem_1
67.20963915119745,Imagem_1
183.66515779626582,Imagem_1
24.253590861306396,Imagem_1
20.706603214664785,Imagem_1
109.52400677858782,Imagem_1
54.05042215741548,Imagem_1
89.03476515115386,Imagem_1
160.02011996638123,Imagem_1
41.89083912421949,Imagem_1
70.25463041797215,Imagem_1
88.41590634488635,Imagem_1
80.8151114873884,Imagem_1
24.049304838101822,Imagem_1
121.11036105696769,Imagem_1
111.06083058226194,Imagem_1
168.1332289647001,Imagem_1
55.68639790112563,Imagem_1
118.32119596308804,Imagem_1
23.84326858306659,Imagem_1
43.86914145350007,Imagem_1
160.6108127628224,Imagem_1
137.1711849919517,Imagem_1
45.212676198963315,Imagem_1
110.02420175383942,Imagem_1
238.4253431656899,Imagem_1
166.9124155907825,Imagem_1
106.38377697405126,Imagem_1
22.326515217646847,Imagem_1
82.3446245694709,Imagem_1
34.01085306768849,Imagem_1
97.32883546426316,Imagem_1
85.72526081806444,Imagem_1
164.202432714007,Imagem_1
50.6232445983631,Imagem_1
57.10312140388432,Imagem_1
79.32232674471287,Imagem_1
44.20885319897447,Imagem_1
196.03456980586117,Imagem_1
115.4632970386508,Imagem_1
197.68063002540043,Imagem_1
211.37993526705623,Imagem_1
86.53645695520392,Imagem_1
39.315554266835505,Imagem_1
129.81388093904312,Imagem_1
8.938444016277748,Imagem_1
64.86953595756418,Imagem_1
165.9839618121752,Imagem_1
45.430400636750925,Imagem_1
63.94037987175715,Imagem_1
76.0484866520912,Imagem_1
110.43137398164251,Imagem_1
287.68413574129613,Imagem_1
83.12754849725759,Imagem_1
44.435078755393846,Imagem_1
137.46210304490603,Imagem_1
79.94787373389312,Imagem_1
41.89083912421949,Imagem_1
28.76813695875796,Imagem_1
109.97790257688897,Imagem_1
76.44092216003052,Imagem_1
34.15561056200859,Imagem_1
80.93908677239072,Imagem_1
43.98146403132684,Imagem_1
186.52076913937384,Imagem_1
21.41692195416611,Imagem_1
385.0113386602133,Imagem_1
50.42478924929801,Imagem_1
128.46189216772592,Imagem_1
42.94887414630408,Imagem_1
71.58985596748477,Imagem_1
34.15561056200859,Imagem_1
47.57627140343109,Imagem_1
34.15561056200859,Imagem_1
69.25527680269106,Imagem_1
73.51587282699282,Imagem_1
93.77944255204311,Imagem_1
49.728759342676845,Imagem_1
123.35383046036206,Imagem_1
55.8661653779107,Imagem_1
65.70810677684251,Imagem_1
68.52987713950499,Imagem_1
93.67416203216636,Imagem_1
34.73318972735684,Imagem_1
243.9035354989522,Imagem_1
86.13088997217795,Imagem_1
62.281010533192806,Imagem_1
13.02532799341193,Imagem_1
72.62722026865407,Imagem_1
54.05042215741548,Imagem_1
127.449415424155,Imagem_1
118.06804459942974,Imagem_1
98.04244969898555,Imagem_1
44.65659455154914,Imagem_1
102.85750185130227,Imagem_1
39.818356860642325,Imagem_1
28.068077388821663,Imagem_1
54.05042215741548,Imagem_1
108.47269215237456,Imagem_1
25.45739437315213,Imagem_1
70.8209635390397,Imagem_1
88.92207758870428,Imagem_1
97.32883546426316,Imagem_1
76.18021951204179,Imagem_1
140.297285903709,Imagem_1
222.48106418603768,Imagem_1
127.83968275279145,Imagem_1
253.05333697271033,Imagem_1
54.96723969471763,Imagem_1
33.2680548613988,Imagem_1
76.0484866520912,Imagem_1
161.19934106135096,Imagem_1
52.744937247534295,Imagem_1
5.4700209598571305,Imagem_1
21.185300080932176,Imagem_1
79.63471518401796,Imagem_1
42.129513709047444,Imagem_1
177.84594499323998,Imagem_1
65.48002876370519,Imagem_1
56.75085398835505,Imagem_1
205.66548304381763,Imagem_1
32.20331674201883,Imagem_1
125.43800976513117,Imagem_1
243.28938188066465,Imagem_1
118.27814463280019,Imagem_1
260.60429258969157,Imagem_1
160.14439587393628,Imagem_1
159.6457148715553,Imagem_1
149.083828106147,Imagem_1
13.398760233979036,Imagem_1
87.05355690759389,Imagem_1
176.09856342878962,Imagem_1
154.43859000145534,Imagem_1
53.68108977677202,Imagem_1
59.49726249374786,Imagem_1
244.86217915666597,Imagem_1
109.3422120000468,Imagem_1
121.15240596747122,Imagem_1
169.19762478744076,Imagem_1
104.10941328450687,Imagem_1
33.7147534999489,Imagem_1
63.86067852588732,Imagem_1
85.78279517943486,Imagem_1
21.646065519224038,Imagem_1
138.00404744118399,Imagem_1
139.58533749357778,Imagem_1
168.34040675717318,Imagem_1
30.937967414726174,Imagem_1
117.47478502001289,Imagem_1
126.94014876421895,Imagem_1
122.05417233051719,Imagem_1
17.58063990543179,Imagem_1
69.03891826872783,Imagem_1
100.6030871350368,Imagem_1
85.43514499361784,Imagem_1
170.28434276761502,Imagem_1
155.05157456086397,Imagem_1
40.314889046783144,Imagem_1
172.40769643961588,Imagem_1
101.88270406920604,Imagem_1
62.199182926126866,Imagem_1
153.50000881101843,Imagem_1
91.52052417376262,Imagem_1
65.02147267090393,Imagem_1
307.1135306120608,Imagem_1
214.21528846473035,Imagem_1
65.93539584698202,Imagem_1
40.065405976039436,Imagem_1
72.90281318036193,Imagem_1
74.05512155861017,Imagem_1
94.20445651243939,Imagem_1
162.64715804760462,Imagem_1
103.19581169875501,Imagem_1
38.414640859287665,Imagem_1
110.52069296026326,Imagem_1
75.45600661424817,Imagem_1
128.92688725210715,Imagem_1
69.11034540637009,Imagem_1
97.83932341960025,Imagem_1
5.4700209598571305,Imagem_1
99.15461388437122,Imagem_1
122.82758389534064,Imagem_1
169.6382137678058,Imagem_1
112.66570747675269,Imagem_1
50.81779320876787,Imagem_1
166.31443860831519,Imagem_1
32.66457926390705,Imagem_1
75.7864340518824,Imagem_1
47.36505122791864,Imagem_1
72.35277733562563,Imagem_1
41.05036586264473,Imagem_1
50.72061218220258,Imagem_1
47.57627140343109,Imagem_1
49.926793595275726,Imagem_1
90.47989811422707,Imagem_1
126.07207282667808,Imagem_1
15.471555655790098,Imagem_1
118.06804459942974,Imagem_1
85.55056524082059,Imagem_1
113.01831317438405,Imagem_1
75.52136479593813,Imagem_1
111.4199437760315,Imagem_1
130.27405037712293,Imagem_1
29.11458787115893,Imagem_1
91.6282792481866,Imagem_1
47.26077095595944,Imagem_1
110.97051214981532,Imagem_1
174.0486002481462,Imagem_1
116.36675155792844,Imagem_1
39.56574301402518,Imagem_1
80.13478423176663,Imagem_1
94.78552915681534,Imagem_1
36.279627607928596,Imagem_1
141.46540515002636,Imagem_1
128.5399208889675,Imagem_1
76.70073869558767,Imagem_1
151.99857946373018,Imagem_1
93.08615214786327,Imagem_1
232.30364797836287,Imagem_1
91.13713935646561,Imagem_1
130.8846876247915,Imagem_1
201.42832383360806,Imagem_1
25.45739437315213,Imagem_1
48.303327687926284,Imagem_1
102.46838490802185,Imagem_1
75.52136479593813,Imagem_1
57.01386285552726,Imagem_1
173.67602921722442,Imagem_1
140.758234414985,Imagem_1
257.58328613464363,Imagem_1
32.049742631027364,Imagem_1
66.01018127508749,Imagem_1
95.36139228421906,Imagem_1
226.89612037656215,Imagem_1
66.31327979846169,Imagem_1
154.79371754813252,Imagem_1
78.75448007758771,Imagem_1
38.67477414514056,Imagem_1
118.48921533164297,Imagem_1
92.11680056258734,Imagem_1
91.08298723476376,Imagem_1
36.55495728624988,Imagem_1
48.61206223797199,Imagem_1
84.08128550481368,Imagem_1
120.20151431562101,Imagem_1
12.628271971179554,Imagem_1
34.59084939929734,Imagem_1
262.03554252945435,Imagem_1
255.01556406727752,Imagem_1
134.49148405157072,Imagem_1
158.76900360796736,Imagem_1
46.40780850158223,Imagem_1
103.870657994448,Imagem_1
10.479356408358663,Imagem_1
57.795708712781604,Imagem_1
142.4832840403252,Imagem_1
177.56472297806462,Imagem_1
34.29975713230766,Imagem_1
18.948708441878455,Imagem_1
68.38573570425527,Imagem_1
57.01386285552726,Imagem_1
34.87951239616815,Imagem_1
26.9810064619971,Imagem_1
35.44529758328207,Imagem_1
77.8622507525725,Imagem_1
167.92579556763164,Imagem_1
72.97045824223972,Imagem_1
112.66570747675269,Imagem_1
22.326515217646847,Imagem_1
51.21088900095614,Imagem_1
8.938444016277748,Imagem_1
23.84326858306659,Imagem_1
48.71671696026266,Imagem_1
29.955226074127797,Imagem_1
7.069275219628611,Imagem_1
42.246461767022744,Imagem_1
150.31603028576225,Imagem_1
83.4867149776925,Imagem_1
129.46768050966324,Imagem_1
12.628271971179554,Imagem_1
44.435078755393846,Imagem_1
73.51587282699282,Imagem_1
17.297725082009,Imagem_1
80.4440177149082,Imagem_1
99.45591844209824,Imagem_1
134.82478507417594,Imagem_1
143.49505189189296,Imagem_1
14.809304898631527,Imagem_1
26.4207036318311,Imagem_1
133.00043983012094,Imagem_1
82.40451930542892,Imagem_1
46.62336552362031,Imagem_1
49.926793595275726,Imagem_1
8.349243383340204,Imagem_1
104.9210612974355,Imagem_1
57.364515193349526,Imagem_1
114.50963912027264,Imagem_1
105.48987449506859,Imagem_1
82.76682342920597,Imagem_1
116.66589361599597,Imagem_1
121.19312306471294,Imagem_1
41.89083912421949,Imagem_1
72.28455424021735,Imagem_1
51.502196861585695,Imagem_1
111.37422482197638,Imagem_1
92.33424062365299,Imagem_1
60.3287264793934,Imagem_1
60.822672559071385,Imagem_1
27.70854462932514,Imagem_1
39.818356860642325,Imagem_1
30.450561545780765,Imagem_1
40.93000037851564,Imagem_1
13.398760233979036,Imagem_1
13.398760233979036,Imagem_1
78.68978469873507,Imagem_2
39.69024598970861,Imagem_2
55.14646545881192,Imagem_2
27.163253048448134,Imagem_2
18.411953421235268,Imagem_2
59.66288173725211,Imagem_2
203.47229626289356,Imagem_2
56.92726017680082,Imagem_2
243.22788122782018,Imagem_2
76.18021951204179,Imagem_2
140.5466349896272,Imagem_2
141.4305244556118,Imagem_2
80.69291810174931,Imagem_2
173.70443497830988,Imagem_2
97.73678777397771,Imagem_2
151.17649128786522,Imagem_2
237.77629268745977,Imagem_2
53.77588042961025,Imagem_2
336.3994289626585,Imagem_2
22.104426599487233,Imagem_2
30.937967414726174,Imagem_2
118.656996783508,Imagem_2
145.01538173800157,Imagem_2
80.50730341077352,Imagem_2
46.19469100422832,Imagem_2
64.79097760484736,Imagem_2
46.08430926701898,Imagem_2
20.706603214664785,Imagem_2
58.22644242733326,Imagem_2
26.791580642889436,Imagem_2
112.84214805209167,Imagem_2
26.038434238092623,Imagem_2
262.339663035698,Imagem_2
9.981532666656284,Imagem_2
109.02151691341827,Imagem_2
50.72061218220258,Imagem_2
9.474354220939228,Imagem_2
86.99503350137758,Imagem_2
259.4352046919665,Imagem_2
216.78319419707947,Imagem_2
151.80160045397855,Imagem_2
149.58473668556417,Imagem_2
91.24709142164156,Imagem_2
52.744937247534295,Imagem_2
58.99221970435918,Imagem_2
90.42359231087333,Imagem_2
91.6282792481866,Imagem_2
90.20331097376669,Imagem_2
91.4109010031664,Imagem_2
134.04579353783842,Imagem_2
9.981532666656284,Imagem_2
31.8904387921711,Imagem_2
129.54387484360512,Imagem_2
87.79449808467778,Imagem_2
86.76604818782998,Imagem_2
147.30102983929913,Imagem_2
92.65772633811603,Imagem_2
69.97088222534344,Imagem_2
187.77260043149565,Imagem_2
84.13994401361157,Imagem_2
82.04061520586163,Imagem_2
150.11684349954754,Imagem_2
49.123387985350895,Imagem_2
70.67924273624054,Imagem_2
95.98687230861219,Imagem_2
80.4440177149082,Imagem_2
76.96174609575836,Imagem_2
47.4724551101082,Imagem_2
174.87692993929724,Imagem_2
52.55449440739347,Imagem_2
93.51431710239497,Imagem_2
25.65667251667837,Imagem_2
284.2843767471574,Imagem_2
47.88969335832306,Imagem_2
98.75251886920553,Imagem_2
161.5396065036286,Imagem_2
79.8223589712866,Imagem_2
21.185300080932176,Imagem_2
27.163253048448134,Imagem_2
154.60029991487232,Imagem_2
272.40893677772135,Imagem_2
116.66589361599597,Imagem_2
68.09420028195704,Imagem_2
75.05842174977377,Imagem_2
177.81730577809535,Imagem_2
36.14337799512211,Imagem_2
94.15206859295438,Imagem_2
69.03891826872783,Imagem_2
45.65057310533218,Imagem_2
101.24491722934347,Imagem_2
161.57014599182256,Imagem_2
57.18945777447492,Imagem_2
227.44538771472918,Imagem_2
72.14570852710052,Imagem_2
272.7014889753018,Imagem_2
47.88969335832306,Imagem_2
85.78279517943486,Imagem_2
92.49612489638648,Imagem_2
44.88056327377173,Imagem_2
291.95052913632196,Imagem_2
292.63279677843127,Imagem_2
215.42218227615518,Imagem_2
202.61319727805812,Imagem_2
69.18169879859468,Imagem_2
152.35939442556636,Imagem_2
63.075789867517315,Imagem_2
213.93575038974325,Imagem_2
101.09704315891408,Imagem_2
293.51688579206797,Imagem_2
154.60029991487232,Imagem_2
93.35419847990772,Imagem_2
175.87247246268385,Imagem_2
128.92688725210715,Imagem_2
85.43514499361784,Imagem_2
92.11680056258734,Imagem_2
149.41866385108955,Imagem_2
18.948708441878455,Imagem_2
125.55721971730027,Imagem_2
68.9651094348309,Imagem_2
116.02295068956188,Imagem_2
22.77118364497979,Imagem_2
179.68618946730558,Imagem_2
19.722441048627633,Imagem_2
159.95744831431097,Imagem_2
33.416030295843605,Imagem_2
101.68724921385395,Imagem_2
323.4642116345862,Imagem_2
152.32596349069132,Imagem_2
32.049742631027364,Imagem_2
33.7147534999489,Imagem_2
125.47860459136061,Imagem_2
36.279627607928596,Imagem_2
40.314889046783144,Imagem_2
127.87827060453259,Imagem_2
26.038434238092623,Imagem_2
320.67813313364564,Imagem_2
63.15396166419726,Imagem_2
92.54945017297307,Imagem_2
95.67464343799391,Imagem_2
12.231338704589191,Imagem_2
85.02432490246582,Imagem_2
48.71671696026266,Imagem_2
30.288101491867806,Imagem_2
94.83756715568568,Imagem_2
144.87812880088333,Imagem_2
132.06013915683909,Imagem_2
89.70436958546796,Imagem_2
108.5636226170038,Imagem_2
213.00155634979347,Imagem_2
87.90863107095953,Imagem_2
129.2363649982066,Imagem_2
136.14983004731607,Imagem_2
120.61523551419187,Imagem_2
82.04061520586163,Imagem_2
94.4693298321468,Imagem_2
314.2070008276486,Imagem_2
134.49148405157072,Imagem_2
111.59835396110014,Imagem_2
229.06166573409334,Imagem_2
85.6100760972783,Imagem_2
156.10831139382367,Imagem_2
314.33411388288437,Imagem_2
119.36977027295222,Imagem_2
18.677998695187732,Imagem_2
277.98863757044063,Imagem_2
30.937967414726174,Imagem_2
139.8700965708609,Imagem_2
176.46692175942331,Imagem_2
151.76909531890095,Imagem_2
112.93096962233061,Imagem_2
53.77588042961025,Imagem_2
89.09016226269217,Imagem_2
295.6498768403726,Imagem_2
106.33738945823796,Imagem_2
257.3316870737937,Imagem_2
45.65057310533218,Imagem_2
29.11458787115893,Imagem_2
87.56760335973297,Imagem_2
107.96530939172274,Imagem_2
60.903736368959436,Imagem_2
112.13330069177532,Imagem_2
121.06961612591896,Imagem_2
133.3744652824563,Imagem_2
103.24361074001915,Imagem_2
115.07393091022779,Imagem_2
108.28766271891118,Imagem_2
60.903736368959436,Imagem_2
88.07864977434285,Imagem_2
214.49446223441933,Imagem_2
61.39305630364289,Imagem_2
121.480380898534,Imagem_2
71.798527887043,Imagem_2
241.33469107153434,Imagem_2
146.45257509117477,Imagem_2
146.58835385735512,Imagem_2
28.76813695875796,Imagem_2
28.76813695875796,Imagem_2
76.50543893833655,Imagem_2
112.35591562602725,Imagem_2
45.65057310533218,Imagem_2
172.98553144772535,Imagem_2
92.441047184084,Imagem_2
129.31269562921142,Imagem_2
68.09420028195704,Imagem_2
142.65854647740824,Imagem_2
101.49141794707307,Imagem_2
231.4436056076444,Imagem_2
102.95339188212327,Imagem_2
82.16274135023632,Imagem_2
68.74783771186497,Imagem_2
50.917914558306244,Imagem_2
64.86953595756418,Imagem_2
276.09918761671736,Imagem_2
116.75044302340905,Imagem_2
56.31166030373215,Imagem_2
19.722441048627633,Imagem_2
16.096715421277896,Imagem_2
37.09519696635303,Imagem_2
88.13464785510318,Imagem_2
240.3619790277372,Imagem_2
83.54579094268102,Imagem_2
94.62756156763322,Imagem_2
33.2680548613988,Imagem_2
31.10215015256244,Imagem_2
149.95135998057162,Imagem_2
21.185300080932176,Imagem_2
11.821084554078958,Imagem_2
151.11015186042403,Imagem_2
80.93908677239072,Imagem_2
161.8476921791679,Imagem_2
135.41490288471138,Imagem_2
140.61682623303264,Imagem_2
104.01458898395389,Imagem_2
222.1890039758692,Imagem_2
145.8383693512394,Imagem_2
271.51063176434997,Imagem_2
126.86113607189736,Imagem_2
88.92207758870428,Imagem_2
193.62884584730082,Imagem_2
136.58865523577774,Imagem_2
59.07579531516339,Imagem_2
71.2422005218855,Imagem_2
57.624723276292656,Imagem_2
206.6328463798414,Imagem_2
22.98683125324351,Imagem_2
186.73482027135626,Imagem_2
262.47249125719406,Imagem_2
134.34347973244155,Imagem_2
48.61206223797199,Imagem_2
268.64963923976177,Imagem_2
32.66457926390705,Imagem_2
187.1613377670554,Imagem_2
341.0067510188541,Imagem_2
121.19312306471294,Imagem_2
39.44084702158646,Imagem_2
71.03189428629415,Imagem_2
31.260379885475437,Imagem_2
119.41109521936849,Imagem_2
190.435506018945,Imagem_2
143.32081239417462,Imagem_2
68.89353172023121,Imagem_2
229.27903895309103,Imagem_2
80.50730341077352,Imagem_2
126.50685537767757,Imagem_2
159.23944911099488,Imagem_2
21.880083839428522,Imagem_2
421.2241093259966,Imagem_2
58.567118193714535,Imagem_2
239.75999579887278,Imagem_2
160.92067664134998,Imagem_2
220.65800105642523,Imagem_2
11.821084554078958,Imagem_2
175.5037733111761,Imagem_2
209.96040759477856,Imagem_2
96.60830281500098,Imagem_2
62.75959314430126,Imagem_2
74.19039393270606,Imagem_2
146.79232863202256,Imagem_2
3.141274657157109,Imagem_2
249.10168109138553,Imagem_2
97.32883546426316,Imagem_2
111.99980354773317,Imagem_2
54.23561245366747,Imagem_2
305.2411644502936,Imagem_2
85.4928745952094,Imagem_2
152.5879907948183,Imagem_2
155.08339169709586,Imagem_2
19.722441048627633,Imagem_2
238.80153064728177,Imagem_2
23.418965260973238,Imagem_2
153.3049589751753,Imagem_2
143.7034174125988,Imagem_2
11.382096629215674,Imagem_2
65.63297715116418,Imagem_2
49.327079479621496,Imagem_2
144.36088998873262,Imagem_2
40.68428945128219,Imagem_2
190.61844563883605,Imagem_2
101.29363687442715,Imagem_2
157.15895554674907,Imagem_2
97.73678777397771,Imagem_2
116.19429341618066,Imagem_2
70.89059516656414,Imagem_2
83.54579094268102,Imagem_2
25.262844689355557,Imagem_2
58.73806990654449,Imagem_2
13.762063154896342,Imagem_2
239.5514689606678,Imagem_2
167.0020227651491,Imagem_2
4.478115991081385,Imagem_2
42.36684373646916,Imagem_2
49.827874851668795,Imagem_2
17.000746355818674,Imagem_2
198.00803925829894,Imagem_2
57.8810120167607,Imagem_2
53.95906345483707,Imagem_2
73.44656316776641,Imagem_2
139.0484117014273,Imagem_2
158.0133775104391,Imagem_2
28.939131129830994,Imagem_2
285.54459190422494,Imagem_2
92.17207202968464,Imagem_2
48.5104626710235,Imagem_2
218.7062564190568,Imagem_2
5.4700209598571305,Imagem_2
105.67829652657302,Imagem_2
9.474354220939228,Imagem_2
22.326515217646847,Imagem_2
108.38021692151314,Imagem_2
160.1752013774283,Imagem_2
31.57950084174568,Imagem_2
36.279627607928596,Imagem_2
83.00684186459773,Imagem_2
83.00684186459773,Imagem_2
87.05355690759389,Imagem_2
352.6505342296567,Imagem_2
81.7354751085806,Imagem_2
43.18170113907795,Imagem_2
291.1639176082564,Imagem_2
141.1827364546706,Imagem_2
197.55418708574211,Imagem_2
92.11680056258734,Imagem_2
239.23900316358828,Imagem_2
51.502196861585695,Imagem_2
59.748183014642485,Imagem_2
217.26573865061562,Imagem_2
204.91269364332308,Imagem_2
108.47269215237456,Imagem_2
240.5069454864134,Imagem_2
108.79354212386907,Imagem_2
81.12371352970642,Imagem_2
95.77938671664612,Imagem_2
194.27137356038767,Imagem_2
58.99221970435918,Imagem_2
81.30792105417005,Imagem_2
347.3946679470827,Imagem_2
39.44084702158646,Imagem_2
129.2745359474223,Imagem_2
61.71625473143392,Imagem_2
51.98204135866732,Imagem_2
100.20521622983345,Imagem_2
148.27992810309544,Imagem_2
59.748183014642485,Imagem_2
96.09127524608778,Imagem_2
85.14217138380751,Imagem_2
66.61261001793912,Imagem_2
131.79594261224227,Imagem_2
94.0455129046719,Imagem_2
59.91310863654637,Imagem_2
57.710279319554516,Imagem_2
35.72705758381175,Imagem_2
162.6774896149869,Imagem_2
220.81590362854666,Imagem_2
97.83932341960025,Imagem_2
96.3493099127548,Imagem_2
194.19434970085618,Imagem_2
39.94207242436425,Imagem_2
84.02258604488614,Imagem_2
58.99221970435918,Imagem_2
310.4078593844006,Imagem_2
60.24688898319784,Imagem_2
118.27814463280019,Imagem_2
143.3563433604669,Imagem_2
135.74593662861383,Imagem_2
36.823906842470535,Imagem_2
140.72317843607772,Imagem_2
71.66096143510143,Imagem_2
85.31770318785502,Imagem_2
73.98846817301215,Imagem_2
117.68729654312355,Imagem_2
100.552450118045,Imagem_2
199.88799824763856,Imagem_2
110.34054031335813,Imagem_2
195.83068395309485,Imagem_2
279.38438034382483,Imagem_2
38.93316938045516,Imagem_2
94.73178252930539,Imagem_2
24.862779389459288,Imagem_2
101.04822872769041,Imagem_2
232.79640886858084,Imagem_2
68.52987713950499,Imagem_2
86.65041024313304,Imagem_2
260.89117072580274,Imagem_2
188.91085963886695,Imagem_2
71.03189428629415,Imagem_2
76.0484866520912,Imagem_2
244.94406264902673,Imagem_2
74.19039393270606,Imagem_2
31.417812735070132,Imagem_2
154.8255876747856,Imagem_2
69.47096151859878,Imagem_2
148.91719665820503,Imagem_2
62.43924635979416,Imagem_2
20.706603214664785,Imagem_2
261.7310686481974,Imagem_2
67.87414075137896,Imagem_2
185.55576996883786,Imagem_2
224.22188781048743,Imagem_2
184.39680136064916,Imagem_2
100.6521174520015,Imagem_2
54.05042215741548,Imagem_2
69.32648102629366,Imagem_2
116.96427060557056,Imagem_2
82.64558994726688,Imagem_2
39.94207242436425,Imagem_2
46.72906824687182,Imagem_2
151.01111504117546,Imagem_2
117.34736463251728,Imagem_2
215.1671436485776,Imagem_2
42.01224010796282,Imagem_2
119.82754548043039,Imagem_2
154.30971889633085,Imagem_2
119.28574320591632,Imagem_2
185.2063488249025,Imagem_2
134.89913340391522,Imagem_2
140.1554126538611,Imagem_2
54.32650609689627,Imagem_2
84.49480716124656,Imagem_2
141.71157581275904,Imagem_2
121.68589727402168,Imagem_2
85.02432490246582,Imagem_2
129.88987218948003,Imagem_2
31.417812735070132,Imagem_2
74.39177159599969,Imagem_2
18.677998695187732,Imagem_2
40.68428945128219,Imagem_2
148.81670044466526,Imagem_2
64.86953595756418,Imagem_2
164.9596179374816,Imagem_2
73.03804065385481,Imagem_2
125.6763165932217,Imagem_2
154.01858965060296,Imagem_2
61.71625473143392,Imagem_2
79.57273563204902,Imagem_2
321.7953602266891,Imagem_2
12.231338704589191,Imagem_2
82.52610692858585,Imagem_2
109.29562392294257,Imagem_2
60.41045311117241,Imagem_2
73.3793570064838,Imagem_2
132.73811483493114,Imagem_2
66.8368232541263,Imagem_2
257.6413600826214,Imagem_2
38.28598994248883,Imagem_2
24.253590861306396,Imagem_2
48.201077366128324,Imagem_2
117.0064451419871,Imagem_2
64.9455487452482,Imagem_2
191.35011862508804,Imagem_2
155.17982958353878,Imagem_2
108.88420464328823,Imagem_2
163.01369337660378,Imagem_2
99.60622893405096,Imagem_2
73.92175468775842,Imagem_2
111.7323307558214,Imagem_2
88.97933355026562,Imagem_2
80.69291810174931,Imagem_2
128.6179022724737,Imagem_2
237.62899063294466,Imagem_2
61.63625955234095,Imagem_2
339.8206174721989,Imagem_2
60.4947002757683,Imagem_2
61.878506938231936,Imagem_2
82.82641285865914,Imagem_2
257.17640131009836,Imagem_2
132.81243293786451,Imagem_2
204.4500370112048,Imagem_2
85.4928745952094,Imagem_2
258.60754439279793,Imagem_2
44.32031484139268,Imagem_2
83.72466968307154,Imagem_2
13.398760233979036,Imagem_2
113.72304373189901,Imagem_2
53.21656750841025,Imagem_2
154.98689380387486,Imagem_2
101.14583403159536,Imagem_2
78.43655703917852,Imagem_2
92.06322468508147,Imagem_2
65.63297715116418,Imagem_2
99.60622893405096,Imagem_2
206.92225042329363,Imagem_2
191.7140778033365,Imagem_2
17.000746355818674,Imagem_2
137.28020659001615,Imagem_2
206.72987265679407,Imagem_2
51.69343763489639,Imagem_2
167.03251636735064,Imagem_2
260.2791894422676,Imagem_2
169.40350084571992,Imagem_2
132.9250295173036,Imagem_2
68.01936632813774,Imagem_2
75.25747673731951,Imagem_2
84.84818616693461,Imagem_2
159.427238613029,Imagem_2
36.823906842470535,Imagem_2
179.21435719782795,Imagem_2
60.822672559071385,Imagem_2
94.9432339181617,Imagem_2
89.3701944952772,Imagem_2
33.2680548613988,Imagem_2
185.26047923904613,Imagem_2
97.27649405931389,Imagem_2
116.10933902809923,Imagem_2
73.17519323776143,Imagem_2
135.41490288471138,Imagem_2
38.54699143520717,Imagem_2
125.91417239946522,Imagem_2
164.9596179374816,Imagem_2
56.663849339203004,Imagem_2
124.11914385590605,Imagem_2
54.05042215741548,Imagem_2
22.77118364497979,Imagem_2
32.66457926390705,Imagem_2
141.78231286787832,Imagem_2
57.364515193349526,Imagem_2
150.6481273203617,Imagem_2
140.65304026649682,Imagem_2
67.43186727457167,Imagem_2
137.28020659001615,Imagem_2
99.85677490582913,Imagem_2
40.437085519682704,Imagem_2
91.68384522009067,Imagem_2
145.35958944933776,Imagem_2
49.728759342676845,Imagem_2
3.141274657157109,Imagem_2
50.1272205646278,Imagem_2
69.03891826872783,Imagem_2
159.7393984155168,Imagem_2
99.40629812385933,Imagem_2
58.73806990654449,Imagem_2
73.71909309545158,Imagem_2
181.89230676435167,Imagem_2
116.19429341618066,Imagem_2
255.17216481815538,Imagem_2
182.1939301151123,Imagem_2
191.58452778274943,Imagem_2
47.57627140343109,Imagem_2
20.466944330257718,Imagem_2
25.262844689355557,Imagem_2
149.88447830643904,Imagem_2
89.7593534357168,Imagem_2
164.9596179374816,Imagem_2
34.29975713230766,Imagem_2
44.20885319897447,Imagem_2
96.5572191310584,Imagem_2
29.955226074127797,Imagem_2
152.26117016634288,Imagem_2
313.63562317979256,Imagem_2
87.79449808467778,Imagem_2
61.14888578707701,Imagem_2
8.938444016277748,Imagem_2
29.451560906865865,Imagem_2
66.16190410500207,Imagem_2
83.6657200236019,Imagem_2
37.62768095093692,Imagem_2
57.450458743509834,Imagem_2
79.00668875521956,Imagem_2
107.45553090147109,Imagem_2
83.36652838481932,Imagem_2
38.28598994248883,Imagem_2
61.878506938231936,Imagem_2
60.3287264793934,Imagem_2
250.49890439472063,Imagem_2
83.6657200236019,Imagem_2
71.9380436874403,Imagem_2
28.939131129830994,Imagem_2
102.32227898340246,Imagem_2
85.842145040503,Imagem_2
70.46725639945929,Imagem_2
50.6232445983631,Imagem_2
105.11050299353148,Imagem_2
7.735777827895049,Imagem_2
8.938444016277748,Imagem_2
215.72266626457645,Imagem_2
211.6861572167195,Imagem_2
88.13464785510318,Imagem_2
89.25793041121948,Imagem_2
44.435078755393846,Imagem_2
141.3945095519325,Imagem_2
60.3287264793934,Imagem_2
67.57804330608312,Imagem_2
105.81976888114798,Imagem_2
59.998054158884926,Imagem_2
58.13890849840297,Imagem_2
70.67924273624054,Imagem_2
26.9810064619971,Imagem_2
38.28598994248883,Imagem_2
154.9550568535983,Imagem_2
76.0484866520912,Imagem_2
163.25856795192567,Imagem_2
33.119418288812724,Imagem_2
47.99260710178089,Imagem_2
65.32672228166726,Imagem_2
41.41320642932957,Imagem_2
41.65461786630437,Imagem_2
50.6232445983631,Imagem_2
5.4700209598571305,Imagem_2
41.77289547134051,Imagem_2
83.24616827282387,Imagem_2
27.163253048448134,Imagem_2
90.47989811422707,Imagem_2
91.19300459156786,Imagem_2
168.81340527383657,Imagem_2
91.9542484966639,Imagem_2
52.366398286242266,Imagem_2
49.327079479621496,Imagem_2
151.37428373641455,Imagem_2
61.79872178640203,Imagem_2
42.718503923846306,Imagem_2
41.05036586264473,Imagem_2
179.38123671229724,Imagem_2
286.3810987559839,Imagem_2
154.01858965060296,Imagem_2
44.65659455154914,Imagem_2
130.61811355843795,Imagem_2
49.62623892059511,Imagem_2
304.11179276878073,Imagem_2
57.450458743509834,Imagem_2
61.95818934875773,Imagem_2
76.0484866520912,Imagem_2
179.24188526207362,Imagem_2
94.36313239875709,Imagem_2
112.70949049529459,Imagem_2
35.16127981086358,Imagem_2
52.65131336229546,Imagem_2
95.15254280686219,Imagem_2
233.84348110947968,Imagem_2
96.09127524608778,Imagem_2
23.84326858306659,Imagem_2
154.37468338006147,Imagem_2
112.97464983929561,Imagem_2
79.76052523190428,Imagem_2
94.62756156763322,Imagem_2
146.00960457161503,Imagem_2
39.315554266835505,Imagem_2
81.24721791962757,Imagem_2
116.53758880257311,Imagem_2
51.01471973302091,Imagem_2
34.44792091974742,Imagem_2
150.97843971742267,Imagem_2
57.450458743509834,Imagem_2
134.9722616172327,Imagem_2
54.87450704378728,Imagem_2
123.95875578493892,Imagem_2
69.11034540637009,Imagem_2
144.0839018659157,Imagem_2
38.02319690724042,Imagem_2
119.82754548043039,Imagem_2
86.88153222038855,Imagem_2
105.67829652657302,Imagem_2
111.77647938005548,Imagem_2
70.60940268333044,Imagem_2
110.34054031335813,Imagem_2
107.08460977083055,Imagem_2
61.71625473143392,Imagem_2
199.31309644754768,Imagem_2
148.31319794519587,Imagem_2
159.08245503839282,Imagem_2
110.74654949273878,Imagem_2
197.40267114835564,Imagem_2
56.39920826248025,Imagem_2
355.90123577881576,Imagem_2
49.223722468247104,Imagem_2
136.58865523577774,Imagem_2
119.32709725229851,Imagem_2
212.95447749367625,Imagem_2
136.29587285639292,Imagem_2
100.40355618921399,Imagem_2
95.25786017668737,Imagem_2
53.49695492902808,Imagem_2
111.2855908990591,Imagem_2
100.552450118045,Imagem_2
172.8124759143547,Imagem_2
216.02273228522648,Imagem_2
169.28602234978783,Imagem_2
50.917914558306244,Imagem_2
162.4317390352084,Imagem_2
47.4724551101082,Imagem_2
66.08729036908528,Imagem_2
65.40463714771272,Imagem_2
141.74751015694503,Imagem_2
15.471555655790098,Imagem_2
187.6131850755793,Imagem_2
287.007294813738,Imagem_2
170.86842710269693,Imagem_2
40.19232106239621,Imagem_2
12.628271971179554,Imagem_2
243.71945191343428,Imagem_2
58.482815655924355,Imagem_2
122.09458869974249,Imagem_2
54.87450704378728,Imagem_2
312.0095923703844,Imagem_2
50.72061218220258,Imagem_2
97.94012671090707,Imagem_2
33.568094927931476,Imagem_2
80.07319175229682,Imagem_2
51.21088900095614,Imagem_2
124.8810416503988,Imagem_2
56.39920826248025,Imagem_2
106.05563699394025,Imagem_2
55.50891548444353,Imagem_2
116.19429341618066,Imagem_2
57.96893537440789,Imagem_2
147.605409045949,Imagem_2
21.185300080932176,Imagem_2
52.838395241699274,Imagem_2
81.9804546028171,Imagem_2
39.56574301402518,Imagem_2
51.597905849377504,Imagem_2
31.735350634355903,Imagem_2
188.7524056294201,Imagem_2
103.24361074001915,Imagem_2
172.29226638430922,Imagem_2
230.9038493094014,Imagem_2
219.07053624304731,Imagem_2
53.02781849697013,Imagem_2
100.30522859002544,Imagem_2
83.72466968307154,Imagem_2
174.1921063092982,Imagem_2
47.67986165169351,Imagem_2
54.14456622554762,Imagem_2
105.81976888114798,Imagem_2
80.25981040783346,Imagem_2
115.8939340837614,Imagem_2
83.24616827282387,Imagem_2
134.49148405157072,Imagem_2
273.63252965878957,Imagem_2
116.66589361599597,Imagem_2
79.57273563204902,Imagem_2
13.762063154896342,Imagem_2
126.46784908061389,Imagem_2
104.63549514948387,Imagem_2
143.77317447594035,Imagem_2
17.58063990543179,Imagem_2
16.096715421277896,Imagem_2
97.07176500249058,Imagem_2
173.58986720244047,Imagem_2
80.93908677239072,Imagem_2
145.97471942360946,Imagem_2
26.791580642889436,Imagem_2
76.89554243095041,Imagem_2
200.187153335705,Imagem_2
58.65129955924443,Imagem_2
22.104426599487233,Imagem_2
124.07938694662947,Imagem_2
240.61081746117625,Imagem_2
160.11358444353283,Imagem_2
117.64401324024618,Imagem_2
217.5175850184183,Imagem_2
151.67048877291973,Imagem_2
26.791580642889436,Imagem_2
129.6593098809218,Imagem_2
164.80903861085784,Imagem_2
208.29142847694067,Imagem_2
83.4867149776925,Imagem_2
37.62768095093692,Imagem_2
349.0984310674527,Imagem_2
38.802136044930954,Imagem_2
22.326515217646847,Imagem_2
72.00659508717078,Imagem_2
71.17291288635617,Imagem_2
13.398760233979036,Imagem_2
106.52431240128215,Imagem_2
77.73336844256075,Imagem_2
62.75959314430126,Imagem_2
182.87663823373487,Imagem_2
5.4700209598571305,Imagem_2
63.86067852588732,Imagem_2
65.09730804545457,Imagem_2
52.65131336229546,Imagem_2
68.9651094348309,Imagem_2
74.39177159599969,Imagem_2
115.15964913143523,Imagem_2
20.466944330257718,Imagem_2
119.66140530719017,Imagem_2
94.52154191191887,Imagem_2
69.97088222534344,Imagem_2
27.70854462932514,Imagem_2
31.417812735070132,Imagem_2
54.14456622554762,Imagem_2
76.63638633167095,Imagem_2
99.30538043761788,Imagem_2
116.53758880257311,Imagem_2
123.15238993620495,Imagem_2
98.54924118101385,Imagem_2
336.7550219979101,Imagem_2
212.34525009345288,Imagem_2
44.76694141230944,Imagem_2
37.227963205690216,Imagem_2
133.00043983012094,Imagem_2
62.199182926126866,Imagem_2
148.68188620534136,Imagem_2
20.216574731145414,Imagem_2
110.24963180806651,Imagem_2
128.30693279608656,Imagem_2
97.22576145240537,Imagem_2
19.971036212182124,Imagem_2
126.82223873982338,Imagem_2
31.735350634355903,Imagem_2
126.15157973503463,Imagem_2
156.96845240347662,Imagem_2
144.04965522497835,Imagem_2
183.66515779626582,Imagem_2
13.398760233979036,Imagem_2
224.06638549372946,Imagem_2
29.62398278774667,Imagem_2
126.15157973503463,Imagem_2
52.838395241699274,Imagem_2
62.11980964399436,Imagem_2
7.735777827895049,Imagem_2
135.67322542873464,Imagem_2
80.25981040783346,Imagem_2
302.5671465908299,Imagem_2
32.97011163641466,Imagem_2
80.19632940692168,Imagem_2
17.58063990543179,Imagem_2
18.1420071192258,Imagem_2
28.243310265912164,Imagem_2
25.262844689355557,Imagem_2
56.221145219615025,Imagem_2
82.40451930542892,Imagem_2
28.417462611012212,Imagem_2
38.54699143520717,Imagem_2
272.00609060237593,Imagem_2
65.93539584698202,Imagem_2
83.96195000899165,Imagem_2
107.13067374119682,Imagem_2
140.5466349896272,Imagem_2
191.81782076688478,Imagem_2
100.2544411292556,Imagem_2
144.84406994548877,Imagem_2
58.82200662012309,Imagem_2
116.62223122913147,Imagem_2
209.98390501140136,Imagem_2
73.3793570064838,Imagem_2
74.92471656761427,Imagem_2
3.141274657157109,Imagem_2
31.417812735070132,Imagem_2
90.75388864949856,Imagem_2
101.68724921385395,Imagem_2
101.34390355421577,Imagem_2
94.3108326208271,Imagem_2
43.86914145350007,Imagem_2
206.12618370263488,Imagem_2
47.78655797902287,Imagem_2
38.02319690724042,Imagem_2
29.283559096857267,Imagem_2
34.15561056200859,Imagem_2
28.417462611012212,Imagem_2
146.92887664060754,Imagem_2
174.59183723936908,Imagem_2
159.17647009009704,Imagem_2
55.8661653779107,Imagem_2
27.163253048448134,Imagem_2
121.480380898534,Imagem_2
271.21679503323236,Imagem_2
269.77938923526267,Imagem_2
167.5092080364161,Imagem_2
150.61431654651568,Imagem_2
42.36684373646916,Imagem_2
32.3561619426422,Imagem_2
23.628701622526126,Imagem_2
47.57627140343109,Imagem_2
7.735777827895049,Imagem_2
72.07728943575533,Imagem_2
54.601194071168294,Imagem_2
32.66457926390705,Imagem_2
37.227963205690216,Imagem_2
74.05512155861017,Imagem_2
19.971036212182124,Imagem_2
3.141274657157109,Imagem_2
103.96561357075223,Imagem_2
73.17519323776143,Imagem_2
85.02432490246582,Imagem_2
27.529908082004297,Imagem_2
37.227963205690216,Imagem_2
29.62398278774667,Imagem_2
52.65131336229546,Imagem_2
19.971036212182124,Imagem_2
23.418965260973238,Imagem_2
161.01361836817156,Imagem_2
60.57620298373561,Imagem_2
18.948708441878455,Imagem_2
28.76813695875796,Imagem_2
127.68396825976781,Imagem_2
14.809304898631527,Imagem_2
52.46053064871775,Imagem_2
58.905823729827446,Imagem_2
34.01085306768849,Imagem_2
37.496330050737015,Imagem_2
27.163253048448134,Imagem_2
38.414640859287665,Imagem_2
83.12754849725759,Imagem_2
28.939131129830994,Imagem_2
70.18436783710573,Imagem_2
7.735777827895049,Imagem_2
26.791580642889436,Imagem_2
85.31770318785502,Imagem_2
21.646065519224038,Imagem_2
49.42700048010797,Imagem_2
197.10009733429084,Imagem_2
10.940041919714261,Imagem_2
32.3561619426422,Imagem_2
31.10215015256244,Imagem_2
66.08729036908528,Imagem_2
71.58985596748477,Imagem_2
70.32708590240135,Imagem_2
49.62623892059511,Imagem_2
8.349243383340204,Imagem_2
71.58985596748477,Imagem_2
161.72472515960482,Imagem_2
30.937967414726174,Imagem_2
34.73318972735684,Imagem_2
117.30531266624403,Imagem_2
93.88630021574782,Imagem_2
56.39920826248025,Imagem_2
175.16246723900525,Imagem_2
58.82200662012309,Imagem_2
26.038434238092623,Imagem_2
33.568094927931476,Imagem_2
207.4039488989481,Imagem_2
254.31123190850732,Imagem_2
119.53631578223566,Imagem_2
23.207333483685147,Imagem_2
157.38058067506074,Imagem_2
16.41006287957139,Imagem_2
38.28598994248883,Imagem_2
101.49141794707307,Imagem_2
123.27381018002303,Imagem_2
83.36652838481932,Imagem_2
46.837930521946475,Imagem_2
21.880083839428522,Imagem_2
213.3524517176698,Imagem_2
33.119418288812724,Imagem_2
12.628271971179554,Imagem_2
49.52671988868525,Imagem_2
25.848258183091886,Imagem_2
192.80348398875375,Imagem_2
94.41540320613507,Imagem_2
131.41621355368503,Imagem_2
47.048134378762356,Imagem_2
38.802136044930954,Imagem_2
22.104426599487233,Imagem_2
41.05036586264473,Imagem_2
33.568094927931476,Imagem_2
66.98667379063464,Imagem_2
134.45479417232474,Imagem_2
43.29580718425681,Imagem_2
64.55965961566523,Imagem_2
25.0667851015403,Imagem_2
39.315554266835505,Imagem_2
27.70854462932514,Imagem_2
31.417812735070132,Imagem_2
31.8904387921711,Imagem_2
61.55616041576866,Imagem_2
183.4483925162095,Imagem_2
17.859073490978144,Imagem_2
68.31355093493937,Imagem_2
24.862779389459288,Imagem_2
36.41536744070657,Imagem_2
53.21656750841025,Imagem_2
26.9810064619971,Imagem_2
76.83135323081585,Imagem_2
96.76303685858667,Imagem_2
55.8661653779107,Imagem_2
110.88155551690694,Imagem_2
46.837930521946475,Imagem_2
24.462677409178383,Imagem_2
22.77118364497979,Imagem_2
22.98683125324351,Imagem_2
113.67825103901596,Imagem_2
52.838395241699274,Imagem_2
21.646065519224038,Imagem_2
43.98146403132684,Imagem_2
136.4790812169282,Imagem_2
129.62125224022952,Imagem_2
200.7833336837923,Imagem_2
62.281010533192806,Imagem_2
149.48468924939533,Imagem_2
80.69291810174931,Imagem_2
143.80748695864511,Imagem_2
125.31868641402153,Imagem_2
109.8417858827432,Imagem_2
47.4724551101082,Imagem_2
13.762063154896342,Imagem_2
36.6896785032419,Imagem_2
45.54236728995958,Imagem_2
9.474354220939228,Imagem_2
19.971036212182124,Imagem_2
19.971036212182124,Imagem_2
107.22422664245397,Imagem_2
82.16274135023632,Imagem_2
62.678390337343096,Imagem_2
41.65461786630437,Imagem_2
59.41160095378726,Imagem_2
310.56830192725937,Imagem_2
148.27992810309544,Imagem_2
66.98667379063464,Imagem_2
55.95441037580295,Imagem_2
188.93781729937916,Imagem_2
54.14456622554762,Imagem_2
3.141274657157109,Imagem_2
41.17037944844188,Imagem_2
64.32750982580687,Imagem_2
179.35284265401353,Imagem_2
64.40663348403766,Imagem_2
259.9916360389646,Imagem_2
104.20567862297061,Imagem_2
38.54699143520717,Imagem_2
41.41320642932957,Imagem_2
243.18730845509023,Imagem_2
285.3695230074309,Imagem_2
211.63953776229596,Imagem_2
80.62977809356629,Imagem_2
28.76813695875796,Imagem_2
54.420172556268035,Imagem_2
256.1669238916405,Imagem_2
32.513183972296055,Imagem_2
67.87414075137896,Imagem_2
27.163253048448134,Imagem_2
68.31355093493937,Imagem_2
39.69024598970861,Imagem_2
117.2198057364697,Imagem_2
108.38021692151314,Imagem_2
74.32542011128956,Imagem_2
38.67477414514056,Imagem_2
7.735777827895049,Imagem_2
94.57372516655107,Imagem_2
116.49524452717336,Imagem_2
74.59260560198082,Imagem_2
19.46249635988947,Imagem_2
16.708015147921802,Imagem_2
37.762789755305185,Imagem_2
123.07094549149079,Imagem_2
28.243310265912164,Imagem_2
58.311115614565736,Imagem_2
244.59749519910127,Imagem_2
75.98358188188811,Imagem_2
77.34954829028112,Imagem_2
39.69024598970861,Imagem_2
175.4185090495282,Imagem_2
212.1570396093868,Imagem_2
40.68428945128219,Imagem_2
72.76514719823753,Imagem_2
37.364517403575626,Imagem_2
105.11050299353148,Imagem_2
59.159252856935055,Imagem_2
107.31621495382574,Imagem_2
86.93830138341852,Imagem_2
42.94887414630408,Imagem_2
36.41536744070657,Imagem_2
74.59260560198082,Imagem_2
112.75325651253094,Imagem_2
25.65667251667837,Imagem_2
12.628271971179554,Imagem_2
33.416030295843605,Imagem_2
41.293898584252936,Imagem_2
15.787230310662732,Imagem_2
46.19469100422832,Imagem_2
46.08430926701898,Imagem_2
54.96723969471763,Imagem_2
23.84326858306659,Imagem_2
346.5038203528136,Imagem_2
24.862779389459288,Imagem_2
118.82454132650545,Imagem_2
58.13890849840297,Imagem_2
42.59911573182935,Imagem_2
8.349243383340204,Imagem_2
67.2830082658755,Imagem_2
155.7255235307048,Imagem_2
77.1558908406173,Imagem_2
53.21656750841025,Imagem_2
46.08430926701898,Imagem_2
206.48799225241302,Imagem_2
139.1559625958978,Imagem_2
51.98204135866732,Imagem_2
68.9651094348309,Imagem_2
23.84326858306659,Imagem_2
352.52324165160866,Imagem_2
50.6232445983631,Imagem_2
83.6657200236019,Imagem_2
156.4911799541307,Imagem_2
31.8904387921711,Imagem_2
27.163253048448134,Imagem_2
64.09451919694853,Imagem_2
116.32297688671296,Imagem_2
42.718503923846306,Imagem_2
83.24616827282387,Imagem_2
51.597905849377504,Imagem_2
84.08128550481368,Imagem_2
193.08723945162419,Imagem_2
71.10131934339168,Imagem_2
132.3622912145141,Imagem_2
49.827874851668795,Imagem_2
90.86430447560342,Imagem_2
22.326515217646847,Imagem_2
7.069275219628611,Imagem_2
20.94351983696302,Imagem_2
165.17174009206397,Imagem_2
254.07581183107038,Imagem_2
41.65461786630437,Imagem_2
78.94421613767811,Imagem_2
43.86914145350007,Imagem_2
178.51675236532444,Imagem_2
56.221145219615025,Imagem_2
32.513183972296055,Imagem_2
38.54699143520717,Imagem_2
25.65667251667837,Imagem_2
23.418965260973238,Imagem_2
125.55721971730027,Imagem_2
65.32672228166726,Imagem_2
128.19027995225767,Imagem_2
58.482815655924355,Imagem_2
20.94351983696302,Imagem_2
155.43704607013177,Imagem_2
188.3294915246018,Imagem_2
137.64260283710504,Imagem_2
107.13067374119682,Imagem_2
88.75367459091633,Imagem_2
216.41506424764103,Imagem_2
124.03961729455516,Imagem_2
24.049304838101822,Imagem_2
131.87079169396404,Imagem_2
67.13381918583428,Imagem_2
46.837930521946475,Imagem_2
163.4417396759961,Imagem_2
47.4724551101082,Imagem_2
35.58422019995829,Imagem_2
89.59252424112545,Imagem_2
183.47528531999336,Imagem_2
142.58824411646725,Imagem_2
126.23103656579224,Imagem_2
68.01936632813774,Imagem_2
142.7979328240427,Imagem_2
81.06287245328883,Imagem_2
166.70346311122586,Imagem_2
20.94351983696302,Imagem_2
33.416030295843605,Imagem_2
25.848258183091886,Imagem_2
47.99260710178089,Imagem_2
33.86077686695942,Imagem_2
77.1558908406173,Imagem_2
73.31208923645066,Imagem_2
68.9651094348309,Imagem_2
48.61206223797199,Imagem_2
118.82454132650545,Imagem_2
210.62414516752045,Imagem_2
4.478115991081385,Imagem_2
38.28598994248883,Imagem_2
212.06324698081454,Imagem_2
146.996020367268,Imagem_2
42.718503923846306,Imagem_2
93.35419847990772,Imagem_2
91.0288028985136,Imagem_2
128.26847390168706,Imagem_2
62.75959314430126,Imagem_2
39.315554266835505,Imagem_2
201.32953312081142,Imagem_2
216.11480652594724,Imagem_2
83.4867149776925,Imagem_2
234.99224239285553,Imagem_2
48.098609676203644,Imagem_2
87.05355690759389,Imagem_2
51.01471973302091,Imagem_2
126.66401696346757,Imagem_2
113.634841280383,Imagem_2
31.260379885475437,Imagem_2
130.12002596065685,Imagem_2
129.5057832802224,Imagem_2
17.859073490978144,Imagem_2
71.03189428629415,Imagem_2
136.84359906182095,Imagem_2
256.6913803576794,Imagem_2
254.4876540477483,Imagem_2
85.89960111447813,Imagem_2
30.617358063870626,Imagem_2
43.413279490200054,Imagem_2
114.29121925731748,Imagem_2
266.1695537959334,Imagem_2
83.42568945719648,Imagem_2
95.25786017668737,Imagem_2
84.08128550481368,Imagem_2
175.95751674605654,Imagem_2
171.13089367046933,Imagem_2
218.06712000357834,Imagem_2
63.075789867517315,Imagem_2
69.6128559050843,Imagem_2
57.710279319554516,Imagem_2
222.83917333882277,Imagem_2
13.398760233979036,Imagem_2
138.07668388608607,Imagem_2
234.1631467671759,Imagem_2
162.24742705941284,Imagem_2
75.25747673731951,Imagem_2
61.79872178640203,Imagem_2
208.02764784093262,Imagem_2
103.82161468519791,Imagem_2
31.57950084174568,Imagem_2
139.3342681045678,Imagem_2
161.8476921791679,Imagem_2
204.86453280941282,Imagem_2
159.23944911099488,Imagem_2
133.41264522427784,Imagem_2
56.57671089294781,Imagem_2
169.90258078744893,Imagem_2
166.85328664850059,Imagem_2
228.10150673730777,Imagem_2
217.26573865061562,Imagem_2
25.262844689355557,Imagem_2
239.2183793696373,Imagem_2
114.81361990865598,Imagem_2
228.53856933670363,Imagem_2
196.1619922693994,Imagem_2
141.07673069478076,Imagem_2
212.18029376520954,Imagem_2
157.15895554674907,Imagem_2
167.89546420515396,Imagem_2
136.51522704917784,Imagem_2
152.12940838235343,Imagem_2
74.25686606881418,Imagem_2
95.51814627433885,Imagem_2
82.94738205550937,Imagem_2
43.52677845379694,Imagem_2
254.17351258512787,Imagem_2
3.141274657157109,Imagem_2
76.57197988497767,Imagem_2
184.909639376421,Imagem_2
8.349243383340204,Imagem_2
49.42700048010797,Imagem_2
23.207333483685147,Imagem_2
105.48987449506859,Imagem_2
129.46768050966324,Imagem_2
75.12412583210941,Imagem_2
117.85621962120656,Imagem_2
91.19300459156786,Imagem_2
138.22069081274017,Imagem_2
89.20263748803843,Imagem_2
27.34428500885924,Imagem_2
44.32031484139268,Imagem_2
51.79186626170951,Imagem_2
29.283559096857267,Imagem_2
93.4070338909105,Imagem_2
40.562837692696185,Imagem_2
24.462677409178383,Imagem_2
81.85805650059729,Imagem_2
32.049742631027364,Imagem_2
125.6763165932217,Imagem_2
140.97064522171422,Imagem_2
187.69290967829565,Imagem_2
36.14337799512211,Imagem_2
70.39720603827567,Imagem_2
66.38763954307132,Imagem_2
43.18170113907795,Imagem_2
31.10215015256244,Imagem_2
65.02147267090393,Imagem_2
49.02284814948658,Imagem_2
65.48002876370519,Imagem_2
46.08430926701898,Imagem_2
105.77313401610012,Imagem_2
13.398760233979036,Imagem_2
79.44662820496781,Imagem_2
105.25273853375249,Imagem_2
63.62597844029945,Imagem_2
38.67477414514056,Imagem_2
198.00803925829894,Imagem_2
65.25115353458807,Imagem_2
115.02966425567796,Imagem_2
16.41006287957139,Imagem_2
42.01224010796282,Imagem_2
15.787230310662732,Imagem_2
50.42478924929801,Imagem_2
56.663849339203004,Imagem_2
122.58373916211069,Imagem_2
126.15157973503463,Imagem_2
39.315554266835505,Imagem_2
46.08430926701898,Imagem_2
160.02011996638123,Imagem_2
43.29580718425681,Imagem_2
45.09989104991743,Imagem_2
176.6075616090407,Imagem_2
187.69290967829565,Imagem_2
67.57804330608312,Imagem_2
81.49171218873994,Imagem_2
122.17668399735223,Imagem_2
89.09016226269217,Imagem_2
134.3802000039166,Imagem_2
125.95335016391562,Imagem_2
79.06911201307267,Imagem_2
91.4109010031664,Imagem_2
36.6896785032419,Imagem_2
101.09704315891408,Imagem_2
131.22714979204218,Imagem_2
127.52681563068307,Imagem_2
92.60274474221227,Imagem_2
29.62398278774667,Imagem_2
105.0150670938395,Imagem_2
164.50553152880153,Imagem_2
48.91884835449153,Imagem_2
90.53441096750235,Imagem_2
60.24688898319784,Imagem_2
24.462677409178383,Imagem_2
75.32300718465696,Imagem_2
105.1574317203729,Imagem_2
91.6282792481866,Imagem_2
34.87951239616815,Imagem_2
55.68639790112563,Imagem_2
55.14646545881192,Imagem_2
30.288101491867806,Imagem_2
36.6896785032419,Imagem_2
52.55449440739347,Imagem_2
30.77808020788433,Imagem_2
26.60678836073137,Imagem_2
14.809304898631527,Imagem_2
25.45739437315213,Imagem_3
15.787230310662732,Imagem_3
100.20521622983345,Imagem_3
80.8151114873884,Imagem_3
44.32031484139268,Imagem_3
356.88057275409267,Imagem_3
50.42478924929801,Imagem_3
379.5335660049179,Imagem_3
154.34168896424694,Imagem_3
23.628701622526126,Imagem_3
193.78331249816208,Imagem_3
89.64935201246315,Imagem_3
64.25076586249834,Imagem_3
361.7234097966796,Imagem_3
271.8779201401131,Imagem_3
302.20450473898654,Imagem_3
202.63754666327017,Imagem_3
3.141274657157109,Imagem_3
6.3078313050504,Imagem_3
44.20885319897447,Imagem_3
112.44370586700863,Imagem_3
38.156905265032414,Imagem_3
5.4700209598571305,Imagem_3
47.36505122791864,Imagem_4
194.47689417118895,Imagem_4
17.000746355818674,Imagem_4
61.14888578707701,Imagem_4
29.11458787115893,Imagem_4
20.706603214664785,Imagem_4
30.937967414726174,Imagem_4
6.3078313050504,Imagem_4
9.474354220939228,Imagem_4
9.474354220939228,Imagem_4
25.65667251667837,Imagem_4
15.787230310662732,Imagem_4
148.0436047362355,Imagem_4
233.88635526731602,Imagem_4
195.57613807200866,Imagem_4
8.349243383340204,Imagem_4
8.349243383340204,Imagem_4
29.11458787115893,Imagem_4
244.12855535480082,Imagem_4
255.11352878411324,Imagem_4
8.938444016277748,Imagem_4
9.981532666656284,Imagem_4
228.75643962267557,Imagem_4
209.7222531185087,Imagem_4
8.938444016277748,Imagem_4
94.73178252930539,Imagem_4
173.21630948523327,Imagem_4
62.04033481320356,Imagem_4
34.87951239616815,Imagem_4
44.20885319897447,Imagem_4
6.3078313050504,Imagem_4
37.364517403575626,Imagem_4
35.02067948321599,Imagem_4
68.82187956177022,Imagem_5
28.76813695875796,Imagem_5
29.955226074127797,Imagem_5
88.8665756976145,Imagem_5
102.80797522922416,Imagem_5
5.4700209598571305,Imagem_5
84.13994401361157,Imagem_5
82.10073172528946,Imagem_5
140.08385407799327,Imagem_5
37.364517403575626,Imagem_5
49.62623892059511,Imagem_5
20.94351983696302,Imagem_5
11.382096629215674,Imagem_5
200.0121700939536,Imagem_6
196.33959630236117,Imagem_6
118.48921533164297,Imagem_6
11.821084554078958,Imagem_6
6.3078313050504,Imagem_6
153.98655250212312,Imagem_6
392.18359683161157,Imagem_6
75.65401551451674,Imagem_6
114.46515423960776,Imagem_6
216.92117357439136,Imagem_6
14.809304898631527,Imagem_6
430.53136702554724,Imagem_6
434.025733249374,Imagem_6
307.32489505174846,Imagem_6
271.290137387763,Imagem_6
205.69024486349545,Imagem_6
15.138795132120961,Imagem_6
143.66908007496917,Imagem_6
342.0287382967049,Imagem_6
78.18250919730917,Imagem_6
128.57829859122307,Imagem_6
365.9168536210029,Imagem_6
357.0624786264334,Imagem_6
170.19646371913055,Imagem_6
238.2163161273834,Imagem_6
259.72276136330976,Imagem_6
250.37942975482798,Imagem_6
147.30102983929913,Imagem_6
5.4700209598571305,Imagem_6
244.96420439215612,Imagem_6
210.9314643461841,Imagem_6
94.62756156763322,Imagem_6
7.069275219628611,Imagem_6
340.93393479996985,Imagem_6
238.32051865407254,Imagem_6
219.4117259772656,Imagem_6
167.68773668813674,Imagem_6
65.78315059852815,Imagem_6
48.098609676203644,Imagem_6
466.7907682453122,Imagem_6
140.90063023735212,Imagem_6
239.48900841565256,Imagem_6
561.2881123464412,Imagem_6
29.283559096857267,Imagem_6
7.735777827895049,Imagem_6
290.7180839916013,Imagem_6
15.471555655790098,Imagem_6
59.24527926298145,Imagem_6
95.30964028844626,Imagem_6
290.39216583349554,Imagem_6
192.05165907031514,Imagem_6
258.91569143227116,Imagem_6
65.02147267090393,Imagem_6
348.926969517336,Imagem_6
98.65093238375,Imagem_6
87.68021653207131,Imagem_6
225.99367147793188,Imagem_6
285.3695230074309,Imagem_6
236.53543156288174,Imagem_6
15.138795132120961,Imagem_6
251.68989923931142,Imagem_6
317.30184693801334,Imagem_6
190.7494861589324,Imagem_6
39.818356860642325,Imagem_6
193.37140158198744,Imagem_6
523.3952435855232,Imagem_6
391.3308589578392,Imagem_6
107.91960167448134,Imagem_6
273.14002109496306,Imagem_6
19.722441048627633,Imagem_6
328.1925287185,Imagem_6
285.08997072592814,Imagem_6
98.49916411260524,Imagem_6
58.22644242733326,Imagem_6
387.193573596446,Imagem_6
321.004537312464,Imagem_6
498.60348211540366,Imagem_6
16.096715421277896,Imagem_6
96.50445922321593,Imagem_6
36.961953837707625,Imagem_6
379.06067124232266,Imagem_6
133.59861619037713,Imagem_6
340.8751103447287,Imagem_6
285.71899649852804,Imagem_6
141.00676838572076,Imagem_6
160.76631434621262,Imagem_6
182.68594622082477,Imagem_6
151.43945651532144,Imagem_6
188.85861822154766,Imagem_6
12.231338704589191,Imagem_6
199.98750105749343,Imagem_6
7.069275219628611,Imagem_6
292.2572837910115,Imagem_6
62.43924635979416,Imagem_6
49.52671988868525,Imagem_6
288.8083116627475,Imagem_6
280.41754767364137,Imagem_6
142.51902380831083,Imagem_6
187.95897863035583,Imagem_6
208.12402387011988,Imagem_6
304.5871405486169,Imagem_6
268.8350045251356,Imagem_6
156.9370174416183,Imagem_6
13.398760233979036,Imagem_6
76.70073869558767,Imagem_6
16.41006287957139,Imagem_6
193.6806223321976,Imagem_6
24.253590861306396,Imagem_6
6.3078313050504,Imagem_6
98.65093238375,Imagem_6
162.40136156920096,Imagem_6
68.60415422635519,Imagem_6
131.56872056247605,Imagem_6
158.42278748946865,Imagem_6
146.58835385735512,Imagem_6
105.25273853375249,Imagem_6
133.63673209242125,Imagem_6
34.73318972735684,Imagem_6
13.02532799341193,Imagem_6
9.981532666656284,Imagem_6
89.59252424112545,Imagem_7
79.32232674471287,Imagem_7
8.349243383340204,Imagem_7
8.938444016277748,Imagem_7
23.84326858306659,Imagem_7
403.35136154109586,Imagem_7
46.08430926701898,Imagem_7
151.6369059571531,Imagem_7
118.40456337100727,Imagem_7
20.94351983696302,Imagem_7
319.1662910239232,Imagem_7
240.27919640775687,Imagem_7
193.03612829236255,Imagem_7
8.938444016277748,Imagem_7
626.4359320664506,Imagem_8
307.29226738682934,Imagem_8
31.417812735070132,Imagem_9
57.450458743509834,Imagem_9
14.127289146798006,Imagem_9
62.281010533192806,Imagem_9
251.92754890305235,Imagem_9
368.2122707099146,Imagem_9
9.474354220939228,Imagem_9
212.20429538218235,Imagem_9
327.56926902990074,Imagem_9
155.5005160890203,Imagem_9
228.0359099934236,Imagem_9
9.981532666656284,Imagem_9
38.414640859287665,Imagem_9
127.8010832499579,Imagem_9
135.8935846787434,Imagem_9
7.069275219628611,Imagem_10
50.52253929987899,Imagem_10
22.77118364497979,Imagem_10
64.09451919694853,Imagem_10
50.72061218220258,Imagem_10
371.9169230633887,Imagem_10
194.04021025843036,Imagem_10
112.66570747675269,Imagem_10
3.141274657157109,Imagem_10
9.474354220939228,Imagem_10
34.59084939929734,Imagem_10
6.3078313050504,Imagem_10
17.859073490978144,Imagem_10
10.940041919714261,Imagem_10
161.38485002383683,Imagem_10
6.3078313050504,Imagem_10
6.3078313050504,Imagem_10
31.57950084174568,Imagem_10
249.36158414284895,Imagem_10
14.809304898631527,Imagem_10
42.246461767022744,Imagem_10
192.07817592849648,Imagem_10
126.15157973503463,Imagem_10
4.478115991081385,Imagem_10
9.474354220939228,Imagem_10
15.471555655790098,Imagem_10
18.1420071192258,Imagem_10
7.069275219628611,Imagem_10
116.75044302340905,Imagem_10
13.02532799341193,Imagem_10
